id_pago,id_credito,fecha_pago,monto_pago
PAGO000001,CRED0001,2023-09-16,821.58
PAGO000002,CRED0001,2023-10-18,772.65
PAGO000003,CRED0001,2023-11-15,966.64
PAGO000004,CRED0001,2023-12-12,1050.44
PAGO000005,CRED0002,2023-08-28,22036.26
PAGO000006,CRED0002,2023-09-22,25439.15
PAGO000007,CRED0002,2023-10-30,22054.16
PAGO000008,CRED0002,2023-12-02,27904.21
PAGO000009,CRED0002,2023-12-27,27401.4
PAGO000010,CRED0002,2024-01-26,26798.83
PAGO000011,CRED0002,2024-03-01,22181.87
PAGO000012,CRED0003,2025-06-13,1201.45
PAGO000013,CRED0003,2025-07-11,909.84
PAGO000014,CRED0003,2025-08-08,1025.58
PAGO000015,CRED0003,2025-09-13,1131.99
PAGO000016,CRED0003,2025-10-09,1165.61
PAGO000017,CRED0004,2023-03-26,7441.41
PAGO000018,CRED0004,2023-04-22,6498.59
PAGO000019,CRED0004,2023-05-28,6563.04
PAGO000020,CRED0004,2023-06-24,5209.54
PAGO000021,CRED0004,2023-07-26,7061.42
PAGO000022,CRED0004,2023-08-22,7270.86
PAGO000023,CRED0004,2023-09-19,6060.82
PAGO000024,CRED0004,2023-10-28,6711.58
PAGO000025,CRED0004,2023-12-03,5507.04
PAGO000026,CRED0004,2024-01-08,5626.35
PAGO000027,CRED0004,2024-02-10,6879.99
PAGO000028,CRED0004,2024-03-08,6643.96
PAGO000029,CRED0004,2024-04-07,6453.0
PAGO000030,CRED0004,2024-05-09,5508.95
PAGO000031,CRED0004,2024-06-15,5780.26
PAGO000032,CRED0004,2024-07-17,6836.18
PAGO000033,CRED0004,2024-08-12,5676.11
PAGO000034,CRED0004,2024-09-07,7142.85
PAGO000035,CRED0004,2024-10-14,5774.64
PAGO000036,CRED0004,2024-11-14,7418.09
PAGO000037,CRED0004,2024-12-19,5634.29
PAGO000038,CRED0004,2025-01-28,6100.3
PAGO000039,CRED0004,2025-03-08,6620.32
PAGO000040,CRED0005,2025-06-08,3642.14
PAGO000041,CRED0005,2025-07-11,3644.83
PAGO000042,CRED0005,2025-08-18,3844.93
PAGO000043,CRED0005,2025-09-24,3133.98
PAGO000044,CRED0005,2025-10-23,3329.72
PAGO000045,CRED0005,2025-11-19,3656.46
PAGO000046,CRED0005,2025-12-17,1967.52
PAGO000047,CRED0006,2023-12-23,25357.98
PAGO000048,CRED0006,2024-01-19,24966.51
PAGO000049,CRED0006,2024-02-27,26477.7
PAGO000050,CRED0006,2024-03-23,28060.32
PAGO000051,CRED0006,2024-04-20,26002.0
PAGO000052,CRED0007,2024-12-20,1377.0
PAGO000053,CRED0007,2025-01-28,1132.95
PAGO000054,CRED0007,2025-03-02,1680.78
PAGO000055,CRED0007,2025-04-01,1418.24
PAGO000056,CRED0007,2025-04-29,1623.45
PAGO000057,CRED0007,2025-06-02,1607.13
PAGO000058,CRED0007,2025-07-03,1217.56
PAGO000059,CRED0007,2025-08-02,1254.08
PAGO000060,CRED0008,2024-07-25,6736.86
PAGO000061,CRED0008,2024-08-30,9603.25
PAGO000062,CRED0008,2024-10-03,7470.68
PAGO000063,CRED0008,2024-11-04,9600.87
PAGO000064,CRED0008,2024-12-01,6957.62
PAGO000065,CRED0008,2025-01-10,9394.09
PAGO000066,CRED0008,2025-02-08,7100.19
PAGO000067,CRED0008,2025-03-20,9830.51
PAGO000068,CRED0008,2025-04-19,7556.1
PAGO000069,CRED0008,2025-05-27,9888.94
PAGO000070,CRED0008,2025-06-27,9050.24
PAGO000071,CRED0008,2025-08-03,6888.9
PAGO000072,CRED0009,2025-03-16,3521.17
PAGO000073,CRED0009,2025-04-17,3195.42
PAGO000074,CRED0009,2025-05-22,2902.89
PAGO000075,CRED0009,2025-06-23,4743.92
PAGO000076,CRED0010,2025-02-09,18401.78
PAGO000077,CRED0010,2025-03-13,14459.27
PAGO000078,CRED0010,2025-04-08,19593.5
PAGO000079,CRED0011,2024-05-11,26357.44
PAGO000080,CRED0011,2024-06-20,25614.3
PAGO000081,CRED0011,2024-07-19,31503.75
PAGO000082,CRED0011,2024-08-28,32204.55
PAGO000083,CRED0012,2023-08-25,4500.35
PAGO000084,CRED0012,2023-09-22,5463.06
PAGO000085,CRED0012,2023-10-28,4979.41
PAGO000086,CRED0012,2023-12-06,5883.95
PAGO000087,CRED0012,2024-01-01,5492.61
PAGO000088,CRED0012,2024-01-29,4233.67
PAGO000089,CRED0012,2024-03-04,5754.01
PAGO000090,CRED0012,2024-04-01,4620.02
PAGO000091,CRED0012,2024-05-02,5210.97
PAGO000092,CRED0012,2024-05-31,4975.92
PAGO000093,CRED0012,2024-07-03,5059.64
PAGO000094,CRED0012,2024-07-30,5019.58
PAGO000095,CRED0012,2024-08-27,4213.07
PAGO000096,CRED0012,2024-09-21,6100.01
PAGO000097,CRED0012,2024-10-23,4450.84
PAGO000098,CRED0012,2024-12-02,5098.12
PAGO000099,CRED0012,2025-01-08,5963.27
PAGO000100,CRED0012,2025-02-07,4887.76
PAGO000101,CRED0012,2025-03-16,4654.02
PAGO000102,CRED0012,2025-04-24,4695.2
PAGO000103,CRED0012,2025-06-03,6609.38
PAGO000104,CRED0013,2023-12-30,9892.29
PAGO000105,CRED0013,2024-01-25,9156.77
PAGO000106,CRED0013,2024-02-20,6831.46
PAGO000107,CRED0013,2024-03-31,8339.97
PAGO000108,CRED0013,2024-04-30,6853.91
PAGO000109,CRED0013,2024-05-27,9501.21
PAGO000110,CRED0013,2024-06-23,8647.14
PAGO000111,CRED0013,2024-07-25,8009.83
PAGO000112,CRED0013,2024-08-26,8593.44
PAGO000113,CRED0013,2024-09-21,8728.27
PAGO000114,CRED0013,2024-10-29,8854.86
PAGO000115,CRED0013,2024-12-03,6556.46
PAGO000116,CRED0014,2023-06-26,12918.94
PAGO000117,CRED0014,2023-07-29,13374.48
PAGO000118,CRED0014,2023-09-01,13717.46
PAGO000119,CRED0014,2023-09-28,11217.01
PAGO000120,CRED0014,2023-10-26,11573.98
PAGO000121,CRED0014,2023-11-26,13989.11
PAGO000122,CRED0014,2023-12-25,16374.93
PAGO000123,CRED0014,2024-01-21,16073.53
PAGO000124,CRED0014,2024-02-26,12755.95
PAGO000125,CRED0014,2024-04-05,15819.39
PAGO000126,CRED0014,2024-05-09,14579.7
PAGO000127,CRED0014,2024-06-03,15080.57
PAGO000128,CRED0015,2023-12-31,2257.09
PAGO000129,CRED0015,2024-02-02,1664.01
PAGO000130,CRED0016,2024-04-24,91673.95
PAGO000131,CRED0017,2024-05-14,12276.29
PAGO000132,CRED0017,2024-06-18,12237.24
PAGO000133,CRED0017,2024-07-21,13913.29
PAGO000134,CRED0017,2024-08-23,16134.21
PAGO000135,CRED0017,2024-09-18,11619.16
PAGO000136,CRED0017,2024-10-26,15712.22
PAGO000137,CRED0017,2024-11-21,15290.36
PAGO000138,CRED0018,2023-06-15,4083.7
PAGO000139,CRED0018,2023-07-18,3347.32
PAGO000140,CRED0018,2023-08-26,3951.41
PAGO000141,CRED0018,2023-10-03,3965.69
PAGO000142,CRED0018,2023-10-31,3213.62
PAGO000143,CRED0018,2023-11-29,3941.98
PAGO000144,CRED0018,2024-01-04,3999.15
PAGO000145,CRED0018,2024-02-02,3762.65
PAGO000146,CRED0018,2024-02-28,3574.46
PAGO000147,CRED0018,2024-03-25,4489.13
PAGO000148,CRED0018,2024-04-25,4153.32
PAGO000149,CRED0018,2024-05-23,3644.79
PAGO000150,CRED0018,2024-06-30,4605.14
PAGO000151,CRED0018,2024-07-29,4530.69
PAGO000152,CRED0018,2024-08-30,4435.99
PAGO000153,CRED0018,2024-09-29,2243.0
PAGO000154,CRED0019,2024-04-10,48049.55
PAGO000155,CRED0020,2025-08-27,3788.69
PAGO000156,CRED0020,2025-09-28,2998.62
PAGO000157,CRED0020,2025-10-26,3151.72
PAGO000158,CRED0020,2025-11-21,3781.45
PAGO000159,CRED0020,2025-12-23,2909.68
PAGO000160,CRED0020,2026-01-31,3108.22
PAGO000161,CRED0020,2026-03-04,2940.57
PAGO000162,CRED0020,2026-04-04,3172.78
PAGO000163,CRED0020,2026-05-07,3912.11
PAGO000164,CRED0021,2024-07-22,22876.6
PAGO000165,CRED0021,2024-08-26,26795.09
PAGO000166,CRED0021,2024-09-23,18700.88
PAGO000167,CRED0022,2025-02-10,8804.89
PAGO000168,CRED0022,2025-03-08,6222.2
PAGO000169,CRED0022,2025-04-15,6922.46
PAGO000170,CRED0022,2025-05-20,7190.15
PAGO000171,CRED0022,2025-06-17,7749.6
PAGO000172,CRED0023,2023-08-05,5468.16
PAGO000173,CRED0023,2023-09-12,5353.96
PAGO000174,CRED0023,2023-10-13,6323.63
PAGO000175,CRED0023,2023-11-09,7887.41
PAGO000176,CRED0023,2023-12-14,7016.2
PAGO000177,CRED0023,2024-01-11,7274.58
PAGO000178,CRED0023,2024-02-14,6705.85
PAGO000179,CRED0023,2024-03-23,6221.89
PAGO000180,CRED0023,2024-04-26,6832.34
PAGO000181,CRED0023,2024-05-27,6474.02
PAGO000182,CRED0023,2024-07-03,7161.07
PAGO000183,CRED0023,2024-08-02,7522.48
PAGO000184,CRED0024,2023-12-24,9497.81
PAGO000185,CRED0024,2024-01-27,10493.82
PAGO000186,CRED0024,2024-03-02,11703.62
PAGO000187,CRED0024,2024-04-10,12703.72
PAGO000188,CRED0024,2024-05-20,13264.49
PAGO000189,CRED0024,2024-06-19,12624.07
PAGO000190,CRED0024,2024-07-23,11943.22
PAGO000191,CRED0024,2024-08-27,9939.28
PAGO000192,CRED0024,2024-09-28,12690.28
PAGO000193,CRED0024,2024-10-30,13325.39
PAGO000194,CRED0024,2024-11-28,9611.85
PAGO000195,CRED0024,2024-12-30,14167.55
PAGO000196,CRED0024,2025-01-26,11658.17
PAGO000197,CRED0024,2025-02-26,12906.54
PAGO000198,CRED0024,2025-04-04,11843.15
PAGO000199,CRED0024,2025-05-06,10196.54
PAGO000200,CRED0024,2025-05-31,13734.18
PAGO000201,CRED0024,2025-06-28,11353.65
PAGO000202,CRED0025,2025-03-22,14196.69
PAGO000203,CRED0025,2025-04-30,9839.98
PAGO000204,CRED0025,2025-06-01,14002.33
PAGO000205,CRED0025,2025-06-29,11789.73
PAGO000206,CRED0025,2025-08-07,12802.98
PAGO000207,CRED0025,2025-09-11,14158.65
PAGO000208,CRED0025,2025-10-20,12539.37
PAGO000209,CRED0025,2025-11-27,13585.25
PAGO000210,CRED0025,2026-01-05,13905.09
PAGO000211,CRED0025,2026-02-14,11759.06
PAGO000212,CRED0025,2026-03-18,13629.86
PAGO000213,CRED0025,2026-04-20,13274.46
PAGO000214,CRED0025,2026-05-30,499.58
PAGO000215,CRED0026,2023-02-23,14128.24
PAGO000216,CRED0026,2023-03-27,11827.83
PAGO000217,CRED0026,2023-05-01,15062.72
PAGO000218,CRED0026,2023-05-28,11133.58
PAGO000219,CRED0026,2023-06-29,12407.42
PAGO000220,CRED0026,2023-07-28,14091.14
PAGO000221,CRED0026,2023-08-24,12573.16
PAGO000222,CRED0026,2023-09-28,13238.26
PAGO000223,CRED0026,2023-11-05,10737.31
PAGO000224,CRED0026,2023-12-13,12440.96
PAGO000225,CRED0026,2024-01-07,14873.75
PAGO000226,CRED0026,2024-02-13,12896.55
PAGO000227,CRED0026,2024-03-20,11967.87
PAGO000228,CRED0026,2024-04-26,14850.88
PAGO000229,CRED0027,2024-07-30,12880.61
PAGO000230,CRED0027,2024-08-31,12587.69
PAGO000231,CRED0027,2024-10-03,12322.63
PAGO000232,CRED0027,2024-10-28,12084.97
PAGO000233,CRED0027,2024-12-04,13781.34
PAGO000234,CRED0027,2025-01-12,14769.65
PAGO000235,CRED0027,2025-02-06,14705.84
PAGO000236,CRED0027,2025-03-03,10542.47
PAGO000237,CRED0027,2025-04-10,10804.27
PAGO000238,CRED0027,2025-05-19,11037.13
PAGO000239,CRED0027,2025-06-21,13602.94
PAGO000240,CRED0028,2023-12-20,7001.85
PAGO000241,CRED0028,2024-01-26,6855.63
PAGO000242,CRED0028,2024-03-04,6777.44
PAGO000243,CRED0028,2024-03-31,7433.54
PAGO000244,CRED0028,2024-04-26,9027.2
PAGO000245,CRED0028,2024-06-01,6693.04
PAGO000246,CRED0028,2024-06-28,8369.17
PAGO000247,CRED0028,2024-07-24,8287.92
PAGO000248,CRED0028,2024-08-25,6618.22
PAGO000249,CRED0028,2024-09-19,7888.01
PAGO000250,CRED0028,2024-10-21,6398.13
PAGO000251,CRED0028,2024-11-18,7715.39
PAGO000252,CRED0028,2024-12-19,7417.68
PAGO000253,CRED0028,2025-01-21,8326.03
PAGO000254,CRED0028,2025-02-20,7841.54
PAGO000255,CRED0028,2025-03-20,7715.53
PAGO000256,CRED0029,2025-11-21,6639.74
PAGO000257,CRED0030,2024-10-03,17630.26
PAGO000258,CRED0030,2024-11-09,14530.01
PAGO000259,CRED0030,2024-12-10,12585.98
PAGO000260,CRED0030,2025-01-11,12743.03
PAGO000261,CRED0030,2025-02-14,17280.25
PAGO000262,CRED0030,2025-03-14,16952.46
PAGO000263,CRED0030,2025-04-09,14230.21
PAGO000264,CRED0030,2025-05-17,16135.79
PAGO000265,CRED0030,2025-06-13,15192.69
PAGO000266,CRED0030,2025-07-18,12201.95
PAGO000267,CRED0030,2025-08-25,17110.72
PAGO000268,CRED0030,2025-09-22,14753.53
PAGO000269,CRED0030,2025-10-28,15978.55
PAGO000270,CRED0030,2025-12-06,16413.38
PAGO000271,CRED0030,2026-01-13,13609.45
PAGO000272,CRED0031,2025-03-06,16999.89
PAGO000273,CRED0031,2025-04-15,15069.85
PAGO000274,CRED0032,2023-02-01,13306.99
PAGO000275,CRED0032,2023-03-08,14637.64
PAGO000276,CRED0032,2023-04-04,11697.58
PAGO000277,CRED0032,2023-05-13,11517.59
PAGO000278,CRED0032,2023-06-21,13190.86
PAGO000279,CRED0032,2023-07-28,11992.56
PAGO000280,CRED0032,2023-09-06,14633.74
PAGO000281,CRED0032,2023-10-06,12768.42
PAGO000282,CRED0032,2023-11-11,11745.54
PAGO000283,CRED0033,2024-10-21,7315.96
PAGO000284,CRED0033,2024-11-23,7202.21
PAGO000285,CRED0033,2024-12-24,6616.81
PAGO000286,CRED0034,2023-07-25,21557.43
PAGO000287,CRED0034,2023-08-26,23307.54
PAGO000288,CRED0034,2023-10-05,21207.43
PAGO000289,CRED0034,2023-10-30,18131.18
PAGO000290,CRED0034,2023-12-01,20828.24
PAGO000291,CRED0034,2024-01-02,24906.43
PAGO000292,CRED0035,2023-10-15,3336.11
PAGO000293,CRED0035,2023-11-20,3408.25
PAGO000294,CRED0036,2024-07-26,6555.98
PAGO000295,CRED0036,2024-08-28,5594.89
PAGO000296,CRED0036,2024-09-29,5143.81
PAGO000297,CRED0036,2024-10-30,5616.53
PAGO000298,CRED0036,2024-11-29,5315.75
PAGO000299,CRED0036,2025-01-08,5521.82
PAGO000300,CRED0036,2025-02-11,7229.45
PAGO000301,CRED0036,2025-03-14,5569.72
PAGO000302,CRED0036,2025-04-19,5286.4
PAGO000303,CRED0036,2025-05-14,6568.5
PAGO000304,CRED0036,2025-06-12,8300.45
PAGO000305,CRED0038,2025-03-05,5723.21
PAGO000306,CRED0038,2025-04-14,4087.36
PAGO000307,CRED0038,2025-05-09,5003.89
PAGO000308,CRED0038,2025-06-18,4818.54
PAGO000309,CRED0038,2025-07-23,4246.33
PAGO000310,CRED0038,2025-08-18,4378.74
PAGO000311,CRED0038,2025-09-27,4109.71
PAGO000312,CRED0038,2025-10-24,4666.89
PAGO000313,CRED0038,2025-11-20,5009.64
PAGO000314,CRED0038,2025-12-16,4182.88
PAGO000315,CRED0038,2026-01-19,7231.87
PAGO000316,CRED0039,2024-05-05,1782.24
PAGO000317,CRED0039,2024-06-06,1789.5
PAGO000318,CRED0039,2024-07-13,1579.85
PAGO000319,CRED0039,2024-08-21,1481.11
PAGO000320,CRED0039,2024-09-28,1486.28
PAGO000321,CRED0039,2024-10-24,1682.44
PAGO000322,CRED0039,2024-11-21,1900.32
PAGO000323,CRED0039,2024-12-22,1692.68
PAGO000324,CRED0039,2025-01-24,1715.18
PAGO000325,CRED0039,2025-02-23,1444.05
PAGO000326,CRED0039,2025-03-22,1390.32
PAGO000327,CRED0039,2025-04-29,1579.85
PAGO000328,CRED0039,2025-06-08,1429.01
PAGO000329,CRED0040,2024-04-26,1036.4
PAGO000330,CRED0040,2024-06-04,792.98
PAGO000331,CRED0040,2024-07-06,1119.46
PAGO000332,CRED0040,2024-08-06,928.5
PAGO000333,CRED0040,2024-09-07,1013.68
PAGO000334,CRED0040,2024-10-10,1082.22
PAGO000335,CRED0040,2024-11-06,726.88
PAGO000336,CRED0041,2023-06-18,35033.46
PAGO000337,CRED0041,2023-07-22,32928.92
PAGO000338,CRED0041,2023-08-30,36297.53
PAGO000339,CRED0041,2023-10-06,39726.55
PAGO000340,CRED0041,2023-11-15,24765.31
PAGO000341,CRED0042,2024-06-01,13500.55
PAGO000342,CRED0042,2024-07-06,12165.6
PAGO000343,CRED0042,2024-07-31,9771.52
PAGO000344,CRED0042,2024-08-25,11286.36
PAGO000345,CRED0043,2025-09-25,3273.47
PAGO000346,CRED0043,2025-11-04,2991.64
PAGO000347,CRED0043,2025-12-13,3463.26
PAGO000348,CRED0043,2026-01-12,3559.31
PAGO000349,CRED0043,2026-02-19,1557.89
PAGO000350,CRED0044,2023-08-12,3918.14
PAGO000351,CRED0044,2023-09-16,4344.03
PAGO000352,CRED0044,2023-10-16,3790.35
PAGO000353,CRED0044,2023-11-25,4216.45
PAGO000354,CRED0045,2025-09-13,13527.21
PAGO000355,CRED0045,2025-10-22,11076.3
PAGO000356,CRED0045,2025-11-24,12324.01
PAGO000357,CRED0045,2025-12-31,15197.17
PAGO000358,CRED0045,2026-01-25,14097.79
PAGO000359,CRED0045,2026-03-05,12801.28
PAGO000360,CRED0045,2026-04-05,13359.28
PAGO000361,CRED0045,2026-05-15,13926.71
PAGO000362,CRED0045,2026-06-10,11688.97
PAGO000363,CRED0045,2026-07-09,15530.1
PAGO000364,CRED0045,2026-08-17,15281.7
PAGO000365,CRED0045,2026-09-26,11253.29
PAGO000366,CRED0045,2026-10-28,14374.28
PAGO000367,CRED0045,2026-12-01,13531.15
PAGO000368,CRED0045,2027-01-08,11103.61
PAGO000369,CRED0045,2027-02-05,13056.97
PAGO000370,CRED0045,2027-03-05,14045.01
PAGO000371,CRED0045,2027-04-03,12531.62
PAGO000372,CRED0046,2023-08-20,1504.57
PAGO000373,CRED0046,2023-09-29,1972.35
PAGO000374,CRED0046,2023-10-31,1625.92
PAGO000375,CRED0046,2023-11-29,1577.47
PAGO000376,CRED0046,2023-12-28,1895.43
PAGO000377,CRED0046,2024-01-30,1834.97
PAGO000378,CRED0046,2024-03-08,1170.9
PAGO000379,CRED0047,2024-06-23,1743.64
PAGO000380,CRED0047,2024-07-27,2470.6
PAGO000381,CRED0047,2024-09-05,2494.8
PAGO000382,CRED0047,2024-10-14,2210.35
PAGO000383,CRED0047,2024-11-19,2030.87
PAGO000384,CRED0047,2024-12-26,2137.88
PAGO000385,CRED0047,2025-01-30,2498.57
PAGO000386,CRED0047,2025-03-03,2239.28
PAGO000387,CRED0047,2025-04-04,2486.74
PAGO000388,CRED0047,2025-05-12,1779.41
PAGO000389,CRED0047,2025-06-21,1852.23
PAGO000390,CRED0048,2024-02-10,12970.45
PAGO000391,CRED0048,2024-03-10,11590.61
PAGO000392,CRED0048,2024-04-05,9876.25
PAGO000393,CRED0048,2024-05-10,12011.92
PAGO000394,CRED0049,2025-07-26,12115.53
PAGO000395,CRED0049,2025-08-20,11332.94
PAGO000396,CRED0049,2025-09-27,11951.06
PAGO000397,CRED0049,2025-10-26,8637.05
PAGO000398,CRED0049,2025-11-28,9734.92
PAGO000399,CRED0049,2026-01-04,11030.69
PAGO000400,CRED0049,2026-02-08,11873.67
PAGO000401,CRED0049,2026-03-17,12297.43
PAGO000402,CRED0049,2026-04-26,11957.1
PAGO000403,CRED0049,2026-05-22,10895.91
PAGO000404,CRED0049,2026-06-23,10952.95
PAGO000405,CRED0049,2026-07-27,12477.63
PAGO000406,CRED0049,2026-08-23,10132.09
PAGO000407,CRED0049,2026-09-20,11490.81
PAGO000408,CRED0049,2026-10-18,10172.5
PAGO000409,CRED0049,2026-11-21,12086.32
PAGO000410,CRED0049,2026-12-17,9675.86
PAGO000411,CRED0049,2027-01-12,9546.79
PAGO000412,CRED0049,2027-02-17,10118.42
PAGO000413,CRED0049,2027-03-21,0.0
PAGO000414,CRED0050,2023-03-02,2427.83
PAGO000415,CRED0050,2023-04-01,2315.25
PAGO000416,CRED0050,2023-05-08,2917.45
PAGO000417,CRED0050,2023-06-09,2781.53
PAGO000418,CRED0050,2023-07-08,3478.6
PAGO000419,CRED0051,2025-05-12,14811.8
PAGO000420,CRED0051,2025-06-06,17457.55
PAGO000421,CRED0051,2025-07-15,17471.4
PAGO000422,CRED0051,2025-08-14,10480.35
PAGO000423,CRED0052,2024-01-03,9634.44
PAGO000424,CRED0052,2024-02-06,8509.92
PAGO000425,CRED0052,2024-03-15,8675.59
PAGO000426,CRED0052,2024-04-23,9175.4
PAGO000427,CRED0052,2024-05-24,9672.24
PAGO000428,CRED0052,2024-07-03,6793.43
PAGO000429,CRED0052,2024-08-09,8293.81
PAGO000430,CRED0052,2024-09-12,9650.69
PAGO000431,CRED0052,2024-10-16,6520.25
PAGO000432,CRED0052,2024-11-22,3693.04
PAGO000433,CRED0053,2024-09-06,20886.93
PAGO000434,CRED0053,2024-10-02,22635.29
PAGO000435,CRED0053,2024-11-11,22030.43
PAGO000436,CRED0053,2024-12-15,21586.39
PAGO000437,CRED0053,2025-01-16,20274.63
PAGO000438,CRED0053,2025-02-21,9238.37
PAGO000439,CRED0054,2025-10-23,4966.99
PAGO000440,CRED0054,2025-11-21,4875.14
PAGO000441,CRED0054,2025-12-17,4282.84
PAGO000442,CRED0054,2026-01-25,3771.69
PAGO000443,CRED0054,2026-03-02,5068.25
PAGO000444,CRED0054,2026-03-29,4858.59
PAGO000445,CRED0055,2023-06-04,14737.1
PAGO000446,CRED0055,2023-07-03,18874.96
PAGO000447,CRED0055,2023-08-08,17143.2
PAGO000448,CRED0055,2023-09-10,19172.73
PAGO000449,CRED0055,2023-10-13,19738.85
PAGO000450,CRED0055,2023-11-22,20100.13
PAGO000451,CRED0055,2023-12-26,18604.33
PAGO000452,CRED0055,2024-01-30,7102.4
PAGO000453,CRED0056,2025-11-25,16461.95
PAGO000454,CRED0056,2025-12-27,21993.85
PAGO000455,CRED0056,2026-02-02,22817.65
PAGO000456,CRED0056,2026-03-10,16073.97
PAGO000457,CRED0056,2026-04-16,15486.59
PAGO000458,CRED0056,2026-05-14,18876.76
PAGO000459,CRED0056,2026-06-16,19874.7
PAGO000460,CRED0056,2026-07-22,16212.72
PAGO000461,CRED0056,2026-08-23,19005.11
PAGO000462,CRED0056,2026-09-27,25441.17
PAGO000463,CRED0057,2023-07-14,28494.76
PAGO000464,CRED0057,2023-08-17,30633.63
PAGO000465,CRED0057,2023-09-14,24742.62
PAGO000466,CRED0057,2023-10-10,26645.78
PAGO000467,CRED0057,2023-11-19,24469.08
PAGO000468,CRED0057,2023-12-21,33385.89
PAGO000469,CRED0057,2024-01-19,27620.34
PAGO000470,CRED0057,2024-02-24,35271.47
PAGO000471,CRED0058,2024-05-26,9493.81
PAGO000472,CRED0058,2024-07-03,11698.8
PAGO000473,CRED0058,2024-08-12,11525.76
PAGO000474,CRED0058,2024-09-14,8957.08
PAGO000475,CRED0058,2024-10-20,13405.27
PAGO000476,CRED0059,2023-04-22,7443.63
PAGO000477,CRED0059,2023-05-28,6988.39
PAGO000478,CRED0059,2023-07-03,8470.09
PAGO000479,CRED0059,2023-08-08,6859.22
PAGO000480,CRED0059,2023-09-10,7289.5
PAGO000481,CRED0059,2023-10-08,9816.75
PAGO000482,CRED0059,2023-11-16,6962.82
PAGO000483,CRED0059,2023-12-17,8793.78
PAGO000484,CRED0059,2024-01-11,6826.02
PAGO000485,CRED0059,2024-02-15,7468.45
PAGO000486,CRED0059,2024-03-15,9277.37
PAGO000487,CRED0059,2024-04-15,6886.05
PAGO000488,CRED0059,2024-05-16,8609.62
PAGO000489,CRED0059,2024-06-17,7751.37
PAGO000490,CRED0059,2024-07-16,9282.91
PAGO000491,CRED0059,2024-08-10,7580.66
PAGO000492,CRED0059,2024-09-08,9944.96
PAGO000493,CRED0059,2024-10-11,9315.77
PAGO000494,CRED0059,2024-11-08,8858.2
PAGO000495,CRED0059,2024-12-03,12015.83
PAGO000496,CRED0060,2026-01-05,15663.94
PAGO000497,CRED0060,2026-02-09,11323.59
PAGO000498,CRED0060,2026-03-14,15143.51
PAGO000499,CRED0061,2024-06-02,7723.04
PAGO000500,CRED0061,2024-06-29,7570.67
PAGO000501,CRED0061,2024-08-04,7683.76
PAGO000502,CRED0061,2024-09-01,7496.56
PAGO000503,CRED0061,2024-10-03,9005.07
PAGO000504,CRED0061,2024-10-29,8338.05
PAGO000505,CRED0061,2024-12-02,7515.01
PAGO000506,CRED0061,2024-12-27,6300.6
PAGO000507,CRED0061,2025-02-05,8705.09
PAGO000508,CRED0061,2025-03-15,6095.07
PAGO000509,CRED0062,2025-08-24,18782.39
PAGO000510,CRED0064,2024-04-11,25113.07
PAGO000511,CRED0065,2024-06-14,9388.18
PAGO000512,CRED0065,2024-07-19,8489.07
PAGO000513,CRED0065,2024-08-22,8748.67
PAGO000514,CRED0065,2024-09-29,7484.58
PAGO000515,CRED0065,2024-10-27,10458.0
PAGO000516,CRED0066,2024-10-11,14024.96
PAGO000517,CRED0066,2024-11-15,17794.28
PAGO000518,CRED0066,2024-12-22,15204.96
PAGO000519,CRED0066,2025-01-19,15910.5
PAGO000520,CRED0067,2023-02-16,8234.04
PAGO000521,CRED0067,2023-03-17,9811.29
PAGO000522,CRED0067,2023-04-26,7548.42
PAGO000523,CRED0067,2023-05-23,7643.71
PAGO000524,CRED0067,2023-06-20,10022.24
PAGO000525,CRED0067,2023-07-26,10267.56
PAGO000526,CRED0067,2023-08-21,9444.83
PAGO000527,CRED0067,2023-09-25,9749.92
PAGO000528,CRED0067,2023-11-02,9439.79
PAGO000529,CRED0068,2023-08-31,20878.88
PAGO000530,CRED0068,2023-10-04,19953.12
PAGO000531,CRED0068,2023-11-09,16141.06
PAGO000532,CRED0068,2023-12-10,16533.39
PAGO000533,CRED0068,2024-01-19,17066.78
PAGO000534,CRED0068,2024-02-16,18032.58
PAGO000535,CRED0068,2024-03-23,16227.65
PAGO000536,CRED0068,2024-04-25,19751.24
PAGO000537,CRED0068,2024-06-02,28059.27
PAGO000538,CRED0069,2023-12-15,5508.62
PAGO000539,CRED0069,2024-01-17,3950.13
PAGO000540,CRED0069,2024-02-19,5261.83
PAGO000541,CRED0069,2024-03-24,5687.89
PAGO000542,CRED0069,2024-04-29,3905.65
PAGO000543,CRED0069,2024-05-28,4996.32
PAGO000544,CRED0069,2024-07-04,4029.24
PAGO000545,CRED0069,2024-07-29,4072.4
PAGO000546,CRED0069,2024-08-29,4626.17
PAGO000547,CRED0069,2024-10-07,4557.45
PAGO000548,CRED0069,2024-11-12,4500.48
PAGO000549,CRED0069,2024-12-17,7310.25
PAGO000550,CRED0070,2024-03-22,25699.03
PAGO000551,CRED0070,2024-04-17,24948.27
PAGO000552,CRED0070,2024-05-20,19328.09
PAGO000553,CRED0071,2024-06-28,14277.07
PAGO000554,CRED0071,2024-07-31,12953.02
PAGO000555,CRED0071,2024-08-28,13710.73
PAGO000556,CRED0071,2024-09-25,13348.68
PAGO000557,CRED0071,2024-11-04,14773.37
PAGO000558,CRED0071,2024-12-08,11958.25
PAGO000559,CRED0071,2025-01-14,17448.15
PAGO000560,CRED0071,2025-02-09,11737.66
PAGO000561,CRED0071,2025-03-15,21336.18
PAGO000562,CRED0072,2025-06-16,27784.76
PAGO000563,CRED0072,2025-07-14,24365.83
PAGO000564,CRED0072,2025-08-21,26404.26
PAGO000565,CRED0072,2025-09-27,30735.45
PAGO000566,CRED0072,2025-10-29,42409.85
PAGO000567,CRED0073,2024-07-20,6425.91
PAGO000568,CRED0073,2024-08-27,4730.88
PAGO000569,CRED0073,2024-09-23,6707.29
PAGO000570,CRED0073,2024-10-31,6030.71
PAGO000571,CRED0073,2024-12-08,5365.43
PAGO000572,CRED0073,2025-01-14,4735.83
PAGO000573,CRED0073,2025-02-18,5089.74
PAGO000574,CRED0073,2025-03-29,7783.77
PAGO000575,CRED0074,2023-02-19,12861.8
PAGO000576,CRED0075,2023-04-14,16422.37
PAGO000577,CRED0075,2023-05-11,16390.33
PAGO000578,CRED0075,2023-06-14,18785.07
PAGO000579,CRED0075,2023-07-16,15961.39
PAGO000580,CRED0075,2023-08-15,14205.28
PAGO000581,CRED0075,2023-09-12,17312.81
PAGO000582,CRED0075,2023-10-13,19880.49
PAGO000583,CRED0075,2023-11-18,16084.74
PAGO000584,CRED0075,2023-12-17,15299.14
PAGO000585,CRED0075,2024-01-15,15433.91
PAGO000586,CRED0075,2024-02-14,17803.98
PAGO000587,CRED0075,2024-03-12,14894.66
PAGO000588,CRED0075,2024-04-21,23870.37
PAGO000589,CRED0076,2023-10-19,1576.23
PAGO000590,CRED0076,2023-11-23,1843.56
PAGO000591,CRED0076,2023-12-28,1384.46
PAGO000592,CRED0076,2024-01-24,1589.11
PAGO000593,CRED0076,2024-02-27,1652.22
PAGO000594,CRED0077,2025-02-01,2398.85
PAGO000595,CRED0077,2025-03-07,2355.23
PAGO000596,CRED0077,2025-04-02,1967.89
PAGO000597,CRED0077,2025-05-06,1986.88
PAGO000598,CRED0077,2025-06-02,2501.86
PAGO000599,CRED0077,2025-07-09,2356.16
PAGO000600,CRED0077,2025-08-04,2343.74
PAGO000601,CRED0077,2025-09-04,2221.08
PAGO000602,CRED0077,2025-10-14,2393.14
PAGO000603,CRED0077,2025-11-09,2344.49
PAGO000604,CRED0077,2025-12-14,2853.34
PAGO000605,CRED0077,2026-01-10,2396.18
PAGO000606,CRED0077,2026-02-09,1950.91
PAGO000607,CRED0077,2026-03-20,2861.57
PAGO000608,CRED0077,2026-04-19,2261.62
PAGO000609,CRED0077,2026-05-23,2284.12
PAGO000610,CRED0077,2026-06-27,2562.99
PAGO000611,CRED0077,2026-07-23,2668.54
PAGO000612,CRED0077,2026-08-27,1976.52
PAGO000613,CRED0077,2026-09-24,2447.29
PAGO000614,CRED0077,2026-10-31,2185.32
PAGO000615,CRED0077,2026-11-29,2232.4
PAGO000616,CRED0077,2026-12-28,2790.54
PAGO000617,CRED0077,2027-01-31,3063.27
PAGO000618,CRED0079,2023-12-29,69522.03
PAGO000619,CRED0080,2024-02-02,19194.09
PAGO000620,CRED0080,2024-02-29,18053.57
PAGO000621,CRED0080,2024-04-07,17115.17
PAGO000622,CRED0080,2024-05-02,16119.77
PAGO000623,CRED0080,2024-06-01,20135.54
PAGO000624,CRED0080,2024-07-06,11725.4
PAGO000625,CRED0081,2024-06-22,5193.69
PAGO000626,CRED0081,2024-07-19,5578.14
PAGO000627,CRED0081,2024-08-16,6092.99
PAGO000628,CRED0081,2024-09-11,6467.75
PAGO000629,CRED0081,2024-10-10,6310.59
PAGO000630,CRED0081,2024-11-08,5253.66
PAGO000631,CRED0081,2024-12-08,6611.72
PAGO000632,CRED0081,2025-01-03,5857.72
PAGO000633,CRED0081,2025-02-04,7215.28
PAGO000634,CRED0081,2025-03-10,6687.55
PAGO000635,CRED0081,2025-04-18,5428.01
PAGO000636,CRED0081,2025-05-20,6194.59
PAGO000637,CRED0082,2023-04-20,15183.77
PAGO000638,CRED0082,2023-05-29,17036.15
PAGO000639,CRED0082,2023-07-02,19226.11
PAGO000640,CRED0082,2023-08-09,20528.17
PAGO000641,CRED0082,2023-09-09,19386.22
PAGO000642,CRED0082,2023-10-08,19882.72
PAGO000643,CRED0082,2023-11-03,18278.38
PAGO000644,CRED0082,2023-12-09,17678.8
PAGO000645,CRED0082,2024-01-06,18764.35
PAGO000646,CRED0082,2024-02-03,7048.78
PAGO000647,CRED0083,2025-01-16,42947.49
PAGO000648,CRED0084,2023-03-20,11508.89
PAGO000649,CRED0084,2023-04-27,11210.71
PAGO000650,CRED0084,2023-05-29,15096.35
PAGO000651,CRED0084,2023-07-04,15706.11
PAGO000652,CRED0084,2023-08-11,11004.6
PAGO000653,CRED0084,2023-09-16,11982.84
PAGO000654,CRED0084,2023-10-13,12728.54
PAGO000655,CRED0084,2023-11-07,12427.18
PAGO000656,CRED0084,2023-12-05,15216.8
PAGO000657,CRED0084,2024-01-09,17107.54
PAGO000658,CRED0085,2024-08-24,7229.0
PAGO000659,CRED0085,2024-10-03,6680.58
PAGO000660,CRED0085,2024-11-01,6836.11
PAGO000661,CRED0085,2024-12-11,6067.37
PAGO000662,CRED0085,2025-01-05,4160.6
PAGO000663,CRED0087,2024-07-27,1883.34
PAGO000664,CRED0087,2024-09-03,1457.92
PAGO000665,CRED0087,2024-10-07,1545.25
PAGO000666,CRED0087,2024-11-04,1414.11
PAGO000667,CRED0087,2024-12-12,2331.5
PAGO000668,CRED0088,2025-07-12,16925.32
PAGO000669,CRED0088,2025-08-06,15333.71
PAGO000670,CRED0088,2025-09-07,15838.18
PAGO000671,CRED0088,2025-10-11,10162.57
PAGO000672,CRED0089,2024-02-24,13023.73
PAGO000673,CRED0089,2024-04-02,12714.2
PAGO000674,CRED0089,2024-04-29,17857.33
PAGO000675,CRED0091,2024-11-03,9304.58
PAGO000676,CRED0091,2024-11-28,7443.0
PAGO000677,CRED0091,2025-01-07,6362.82
PAGO000678,CRED0091,2025-02-13,9281.87
PAGO000679,CRED0091,2025-03-18,8554.15
PAGO000680,CRED0091,2025-04-23,8682.44
PAGO000681,CRED0091,2025-05-29,6978.05
PAGO000682,CRED0091,2025-06-26,8629.45
PAGO000683,CRED0091,2025-07-31,6642.66
PAGO000684,CRED0091,2025-09-05,7927.36
PAGO000685,CRED0091,2025-10-05,8812.79
PAGO000686,CRED0091,2025-11-13,9281.19
PAGO000687,CRED0091,2025-12-23,8194.27
PAGO000688,CRED0091,2026-01-21,6423.74
PAGO000689,CRED0091,2026-03-01,6342.43
PAGO000690,CRED0091,2026-04-01,6363.67
PAGO000691,CRED0091,2026-05-02,8985.3
PAGO000692,CRED0091,2026-06-06,9133.45
PAGO000693,CRED0091,2026-07-13,9307.04
PAGO000694,CRED0091,2026-08-22,7016.0
PAGO000695,CRED0091,2026-09-22,7118.12
PAGO000696,CRED0091,2026-10-18,8923.05
PAGO000697,CRED0091,2026-11-22,3326.66
PAGO000698,CRED0092,2025-12-04,14676.69
PAGO000699,CRED0092,2026-01-10,16521.73
PAGO000700,CRED0092,2026-02-16,14086.99
PAGO000701,CRED0092,2026-03-18,14940.19
PAGO000702,CRED0093,2023-10-18,4826.44
PAGO000703,CRED0093,2023-11-20,3425.83
PAGO000704,CRED0094,2024-01-22,6531.67
PAGO000705,CRED0094,2024-02-21,6388.66
PAGO000706,CRED0094,2024-03-27,5277.13
PAGO000707,CRED0094,2024-05-01,6678.41
PAGO000708,CRED0094,2024-06-04,6138.79
PAGO000709,CRED0094,2024-07-12,5437.87
PAGO000710,CRED0094,2024-08-20,5901.94
PAGO000711,CRED0094,2024-09-15,6843.79
PAGO000712,CRED0094,2024-10-21,7272.51
PAGO000713,CRED0095,2024-10-14,13607.39
PAGO000714,CRED0095,2024-11-09,10115.04
PAGO000715,CRED0095,2024-12-16,12837.21
PAGO000716,CRED0096,2024-11-20,6367.92
PAGO000717,CRED0096,2024-12-15,5092.56
PAGO000718,CRED0096,2025-01-23,4835.93
PAGO000719,CRED0096,2025-02-19,5314.09
PAGO000720,CRED0096,2025-03-27,5613.92
PAGO000721,CRED0096,2025-04-22,6191.3
PAGO000722,CRED0096,2025-05-31,7008.21
PAGO000723,CRED0096,2025-07-06,5808.3
PAGO000724,CRED0096,2025-08-02,6117.22
PAGO000725,CRED0096,2025-09-07,5699.2
PAGO000726,CRED0096,2025-10-10,5346.46
PAGO000727,CRED0096,2025-11-07,4814.81
PAGO000728,CRED0096,2025-12-07,5939.26
PAGO000729,CRED0096,2026-01-13,6924.36
PAGO000730,CRED0096,2026-02-10,5375.37
PAGO000731,CRED0096,2026-03-15,6426.45
PAGO000732,CRED0096,2026-04-15,7121.2
PAGO000733,CRED0096,2026-05-19,6402.55
PAGO000734,CRED0096,2026-06-28,5228.97
PAGO000735,CRED0096,2026-07-27,6780.06
PAGO000736,CRED0096,2026-09-04,5163.56
PAGO000737,CRED0096,2026-10-13,7142.0
PAGO000738,CRED0097,2025-09-26,24903.75
PAGO000739,CRED0097,2025-11-01,22593.68
PAGO000740,CRED0097,2025-12-05,24109.56
PAGO000741,CRED0097,2026-01-04,22612.6
PAGO000742,CRED0097,2026-02-03,23295.42
PAGO000743,CRED0097,2026-03-07,7563.47
PAGO000744,CRED0098,2023-07-23,6092.18
PAGO000745,CRED0098,2023-09-01,5518.97
PAGO000746,CRED0098,2023-10-07,6720.45
PAGO000747,CRED0098,2023-11-05,7114.14
PAGO000748,CRED0098,2023-12-02,5626.46
PAGO000749,CRED0098,2024-01-08,8169.97
PAGO000750,CRED0098,2024-02-17,6879.22
PAGO000751,CRED0098,2024-03-26,7689.91
PAGO000752,CRED0098,2024-04-22,5788.74
PAGO000753,CRED0098,2024-05-27,7196.92
PAGO000754,CRED0098,2024-07-05,6716.17
PAGO000755,CRED0098,2024-08-10,8197.64
PAGO000756,CRED0099,2023-08-10,10798.31
PAGO000757,CRED0099,2023-09-08,12038.78
PAGO000758,CRED0099,2023-10-04,14012.26
PAGO000759,CRED0099,2023-11-02,11402.87
PAGO000760,CRED0099,2023-12-02,11494.61
PAGO000761,CRED0099,2024-01-03,11610.23
PAGO000762,CRED0099,2024-02-06,14084.23
PAGO000763,CRED0099,2024-03-10,10869.27
PAGO000764,CRED0099,2024-04-12,10517.25
PAGO000765,CRED0099,2024-05-16,12938.54
PAGO000766,CRED0099,2024-06-12,16328.31
PAGO000767,CRED0100,2024-05-05,11979.39
PAGO000768,CRED0100,2024-06-09,15807.2
PAGO000769,CRED0100,2024-07-05,15711.03
PAGO000770,CRED0100,2024-07-30,11573.6
PAGO000771,CRED0100,2024-09-01,14742.83
PAGO000772,CRED0100,2024-10-09,14559.2
PAGO000773,CRED0100,2024-11-03,13891.49
PAGO000774,CRED0100,2024-12-07,14691.55
PAGO000775,CRED0100,2025-01-10,13807.56
PAGO000776,CRED0100,2025-02-16,12775.94
PAGO000777,CRED0100,2025-03-15,14951.28
PAGO000778,CRED0100,2025-04-14,12337.78
PAGO000779,CRED0101,2025-09-30,8775.08
PAGO000780,CRED0101,2025-10-29,9207.3
PAGO000781,CRED0101,2025-12-03,10885.93
PAGO000782,CRED0101,2026-01-08,11846.14
PAGO000783,CRED0101,2026-02-06,10991.3
PAGO000784,CRED0101,2026-03-06,9233.31
PAGO000785,CRED0101,2026-04-14,8450.6
PAGO000786,CRED0101,2026-05-23,8949.85
PAGO000787,CRED0101,2026-06-20,11241.86
PAGO000788,CRED0102,2024-03-04,24446.73
PAGO000789,CRED0102,2024-04-11,19189.84
PAGO000790,CRED0102,2024-05-11,24014.11
PAGO000791,CRED0102,2024-06-15,18691.07
PAGO000792,CRED0102,2024-07-15,21323.65
PAGO000793,CRED0102,2024-08-23,21327.87
PAGO000794,CRED0102,2024-09-26,20375.91
PAGO000795,CRED0103,2023-11-29,41770.99
PAGO000796,CRED0104,2025-06-19,3833.81
PAGO000797,CRED0104,2025-07-25,4721.02
PAGO000798,CRED0106,2025-08-22,1495.54
PAGO000799,CRED0106,2025-09-19,1810.37
PAGO000800,CRED0106,2025-10-22,2031.24
PAGO000801,CRED0106,2025-11-28,1761.97
PAGO000802,CRED0106,2026-01-04,1527.55
PAGO000803,CRED0106,2026-02-04,1759.43
PAGO000804,CRED0106,2026-03-10,1544.21
PAGO000805,CRED0106,2026-04-18,2058.72
PAGO000806,CRED0106,2026-05-21,2104.08
PAGO000807,CRED0106,2026-06-18,1585.27
PAGO000808,CRED0106,2026-07-16,1782.8
PAGO000809,CRED0106,2026-08-20,1904.88
PAGO000810,CRED0106,2026-09-25,2051.69
PAGO000811,CRED0106,2026-10-26,1938.12
PAGO000812,CRED0106,2026-12-02,1861.87
PAGO000813,CRED0106,2026-12-28,1518.43
PAGO000814,CRED0106,2027-02-01,2088.18
PAGO000815,CRED0106,2027-03-12,1600.37
PAGO000816,CRED0106,2027-04-10,1733.69
PAGO000817,CRED0106,2027-05-15,1610.47
PAGO000818,CRED0106,2027-06-18,3329.1
PAGO000819,CRED0107,2024-11-10,9652.72
PAGO000820,CRED0107,2024-12-14,9433.74
PAGO000821,CRED0107,2025-01-08,9027.65
PAGO000822,CRED0107,2025-02-05,11358.71
PAGO000823,CRED0107,2025-03-11,10660.61
PAGO000824,CRED0107,2025-04-05,9898.84
PAGO000825,CRED0107,2025-05-08,11309.81
PAGO000826,CRED0107,2025-06-09,10373.37
PAGO000827,CRED0107,2025-07-19,8273.51
PAGO000828,CRED0107,2025-08-25,8186.84
PAGO000829,CRED0107,2025-09-26,7743.89
PAGO000830,CRED0107,2025-10-24,8350.78
PAGO000831,CRED0107,2025-12-02,8819.28
PAGO000832,CRED0107,2025-12-31,9197.67
PAGO000833,CRED0107,2026-01-31,9187.82
PAGO000834,CRED0107,2026-03-12,10950.54
PAGO000835,CRED0107,2026-04-07,10313.81
PAGO000836,CRED0107,2026-05-08,9761.53
PAGO000837,CRED0107,2026-06-17,9626.56
PAGO000838,CRED0107,2026-07-22,11270.23
PAGO000839,CRED0107,2026-08-30,11100.37
PAGO000840,CRED0107,2026-10-04,5149.47
PAGO000841,CRED0108,2025-06-22,16881.56
PAGO000842,CRED0108,2025-07-24,17549.52
PAGO000843,CRED0108,2025-08-27,17132.62
PAGO000844,CRED0108,2025-09-30,21339.46
PAGO000845,CRED0108,2025-10-31,20716.23
PAGO000846,CRED0108,2025-12-10,17842.4
PAGO000847,CRED0108,2026-01-15,23297.18
PAGO000848,CRED0109,2025-09-29,6789.31
PAGO000849,CRED0109,2025-11-05,7345.16
PAGO000850,CRED0109,2025-12-12,7148.87
PAGO000851,CRED0109,2026-01-10,5809.78
PAGO000852,CRED0109,2026-02-13,7496.22
PAGO000853,CRED0109,2026-03-12,5951.6
PAGO000854,CRED0109,2026-04-20,3848.18
PAGO000855,CRED0110,2024-08-20,9472.52
PAGO000856,CRED0110,2024-09-22,9824.47
PAGO000857,CRED0110,2024-10-25,7159.02
PAGO000858,CRED0110,2024-11-26,7511.35
PAGO000859,CRED0110,2024-12-28,8836.07
PAGO000860,CRED0110,2025-01-23,7034.83
PAGO000861,CRED0110,2025-02-27,9102.07
PAGO000862,CRED0110,2025-03-27,8980.93
PAGO000863,CRED0110,2025-04-25,6716.56
PAGO000864,CRED0110,2025-05-25,9102.29
PAGO000865,CRED0111,2024-08-15,5702.17
PAGO000866,CRED0111,2024-09-18,6017.71
PAGO000867,CRED0111,2024-10-14,7538.93
PAGO000868,CRED0111,2024-11-10,6876.18
PAGO000869,CRED0111,2024-12-12,6572.47
PAGO000870,CRED0111,2025-01-07,7552.65
PAGO000871,CRED0111,2025-02-06,6268.45
PAGO000872,CRED0111,2025-03-08,7606.3
PAGO000873,CRED0111,2025-04-03,7770.27
PAGO000874,CRED0111,2025-05-10,2908.25
PAGO000875,CRED0112,2024-12-18,16169.05
PAGO000876,CRED0112,2025-01-21,15702.95
PAGO000877,CRED0112,2025-02-15,12545.97
PAGO000878,CRED0112,2025-03-15,15985.23
PAGO000879,CRED0112,2025-04-19,7829.14
PAGO000880,CRED0113,2024-05-18,5624.03
PAGO000881,CRED0113,2024-06-27,6389.06
PAGO000882,CRED0113,2024-07-26,6304.58
PAGO000883,CRED0113,2024-09-03,5025.95
PAGO000884,CRED0113,2024-10-01,5153.87
PAGO000885,CRED0113,2024-11-09,5856.19
PAGO000886,CRED0113,2024-12-09,4453.77
PAGO000887,CRED0113,2025-01-13,6171.26
PAGO000888,CRED0113,2025-02-13,4810.7
PAGO000889,CRED0113,2025-03-22,6251.36
PAGO000890,CRED0113,2025-04-26,4614.43
PAGO000891,CRED0113,2025-05-24,4831.23
PAGO000892,CRED0113,2025-06-22,5478.42
PAGO000893,CRED0113,2025-07-24,4437.73
PAGO000894,CRED0113,2025-08-30,4943.43
PAGO000895,CRED0113,2025-10-02,6532.29
PAGO000896,CRED0113,2025-11-05,5710.63
PAGO000897,CRED0113,2025-11-30,5001.0
PAGO000898,CRED0113,2026-01-05,5954.55
PAGO000899,CRED0113,2026-01-31,7021.12
PAGO000900,CRED0114,2025-05-29,4879.41
PAGO000901,CRED0114,2025-07-02,5457.27
PAGO000902,CRED0114,2025-08-05,4802.58
PAGO000903,CRED0114,2025-09-06,4501.52
PAGO000904,CRED0114,2025-10-05,5027.01
PAGO000905,CRED0114,2025-11-13,5573.8
PAGO000906,CRED0114,2025-12-19,4900.56
PAGO000907,CRED0114,2026-01-28,5593.31
PAGO000908,CRED0114,2026-02-28,5602.45
PAGO000909,CRED0114,2026-03-27,4374.78
PAGO000910,CRED0115,2024-03-29,19597.8
PAGO000911,CRED0115,2024-04-26,27555.3
PAGO000912,CRED0116,2023-03-12,9147.06
PAGO000913,CRED0116,2023-04-10,8990.8
PAGO000914,CRED0116,2023-05-19,8790.19
PAGO000915,CRED0116,2023-06-19,11285.22
PAGO000916,CRED0116,2023-07-29,8685.11
PAGO000917,CRED0116,2023-09-06,11666.42
PAGO000918,CRED0116,2023-10-15,8855.42
PAGO000919,CRED0116,2023-11-22,10204.76
PAGO000920,CRED0116,2023-12-18,10628.43
PAGO000921,CRED0116,2024-01-21,11311.64
PAGO000922,CRED0116,2024-02-27,9364.3
PAGO000923,CRED0116,2024-03-23,11405.2
PAGO000924,CRED0116,2024-04-19,8495.49
PAGO000925,CRED0116,2024-05-25,11216.54
PAGO000926,CRED0116,2024-06-20,12189.33
PAGO000927,CRED0116,2024-07-17,12403.47
PAGO000928,CRED0116,2024-08-26,8439.18
PAGO000929,CRED0116,2024-10-03,9054.95
PAGO000930,CRED0116,2024-11-01,11488.37
PAGO000931,CRED0116,2024-12-09,9862.76
PAGO000932,CRED0116,2025-01-15,10170.45
PAGO000933,CRED0116,2025-02-21,9867.68
PAGO000934,CRED0116,2025-03-22,15314.02
PAGO000935,CRED0117,2023-02-12,9600.5
PAGO000936,CRED0117,2023-03-13,10321.7
PAGO000937,CRED0117,2023-04-14,10726.43
PAGO000938,CRED0117,2023-05-09,7189.47
PAGO000939,CRED0118,2024-04-26,8618.43
PAGO000940,CRED0118,2024-06-02,9563.15
PAGO000941,CRED0118,2024-07-04,8334.51
PAGO000942,CRED0118,2024-08-02,7707.97
PAGO000943,CRED0118,2024-08-30,6883.43
PAGO000944,CRED0118,2024-10-07,8857.15
PAGO000945,CRED0118,2024-11-01,7589.48
PAGO000946,CRED0118,2024-11-28,7116.06
PAGO000947,CRED0118,2024-12-24,8286.47
PAGO000948,CRED0118,2025-01-19,11722.18
PAGO000949,CRED0119,2025-04-06,3295.92
PAGO000950,CRED0119,2025-05-07,3722.17
PAGO000951,CRED0119,2025-06-02,2892.1
PAGO000952,CRED0119,2025-07-06,3019.16
PAGO000953,CRED0119,2025-08-10,3483.1
PAGO000954,CRED0119,2025-09-14,3857.97
PAGO000955,CRED0120,2025-09-14,20327.4
PAGO000956,CRED0120,2025-10-16,16432.16
PAGO000957,CRED0120,2025-11-18,14031.54
PAGO000958,CRED0120,2025-12-18,17878.46
PAGO000959,CRED0120,2026-01-25,17400.91
PAGO000960,CRED0120,2026-02-20,20236.14
PAGO000961,CRED0120,2026-03-29,18966.49
PAGO000962,CRED0120,2026-05-03,18357.18
PAGO000963,CRED0120,2026-06-10,14632.44
PAGO000964,CRED0120,2026-07-17,14868.43
PAGO000965,CRED0120,2026-08-26,15257.1
PAGO000966,CRED0120,2026-09-27,15664.02
PAGO000967,CRED0120,2026-10-26,19102.47
PAGO000968,CRED0120,2026-11-21,17445.4
PAGO000969,CRED0120,2026-12-29,14709.77
PAGO000970,CRED0121,2025-04-16,6609.67
PAGO000971,CRED0121,2025-05-13,8766.23
PAGO000972,CRED0121,2025-06-18,6277.07
PAGO000973,CRED0121,2025-07-19,6154.29
PAGO000974,CRED0121,2025-08-25,8020.6
PAGO000975,CRED0121,2025-09-20,8620.42
PAGO000976,CRED0121,2025-10-21,8413.52
PAGO000977,CRED0121,2025-11-21,7437.8
PAGO000978,CRED0121,2025-12-26,7196.93
PAGO000979,CRED0122,2025-06-26,4808.81
PAGO000980,CRED0122,2025-07-24,6031.54
PAGO000981,CRED0122,2025-09-02,5627.98
PAGO000982,CRED0123,2025-03-17,4729.32
PAGO000983,CRED0123,2025-04-18,5036.07
PAGO000984,CRED0123,2025-05-22,4697.8
PAGO000985,CRED0123,2025-06-27,4555.25
PAGO000986,CRED0123,2025-08-02,4958.59
PAGO000987,CRED0123,2025-09-11,4866.21
PAGO000988,CRED0123,2025-10-21,5449.57
PAGO000989,CRED0123,2025-11-25,5750.9
PAGO000990,CRED0123,2025-12-31,4564.13
PAGO000991,CRED0123,2026-01-26,5056.68
PAGO000992,CRED0123,2026-02-27,5409.37
PAGO000993,CRED0123,2026-03-24,4125.68
PAGO000994,CRED0124,2024-08-22,14547.62
PAGO000995,CRED0124,2024-09-29,12946.0
PAGO000996,CRED0124,2024-10-30,13141.58
PAGO000997,CRED0124,2024-12-06,14494.87
PAGO000998,CRED0124,2025-01-07,14097.28
PAGO000999,CRED0124,2025-02-11,12732.42
PAGO001000,CRED0124,2025-03-23,16732.55
PAGO001001,CRED0124,2025-05-02,13880.28
PAGO001002,CRED0124,2025-06-07,12235.72
PAGO001003,CRED0124,2025-07-17,12319.09
PAGO001004,CRED0124,2025-08-12,17986.0
PAGO001005,CRED0125,2025-09-20,2078.15
PAGO001006,CRED0125,2025-10-15,1878.9
PAGO001007,CRED0125,2025-11-16,1610.64
PAGO001008,CRED0125,2025-12-15,2220.83
PAGO001009,CRED0127,2023-04-04,3040.95
PAGO001010,CRED0127,2023-05-14,3065.8
PAGO001011,CRED0127,2023-06-08,2313.35
PAGO001012,CRED0127,2023-07-16,2319.39
PAGO001013,CRED0127,2023-08-18,2923.36
PAGO001014,CRED0127,2023-09-21,2325.49
PAGO001015,CRED0127,2023-10-29,3235.13
PAGO001016,CRED0127,2023-11-28,3833.83
PAGO001017,CRED0128,2024-06-02,4798.54
PAGO001018,CRED0128,2024-07-05,6028.16
PAGO001019,CRED0128,2024-08-07,5984.74
PAGO001020,CRED0128,2024-09-03,4601.36
PAGO001021,CRED0129,2025-09-09,9943.53
PAGO001022,CRED0129,2025-10-11,10195.16
PAGO001023,CRED0129,2025-11-07,11763.29
PAGO001024,CRED0129,2025-12-03,9279.92
PAGO001025,CRED0129,2026-01-09,10537.35
PAGO001026,CRED0129,2026-02-18,9114.2
PAGO001027,CRED0129,2026-03-15,11980.98
PAGO001028,CRED0129,2026-04-11,11081.2
PAGO001029,CRED0129,2026-05-19,15840.78
PAGO001030,CRED0130,2023-09-22,36427.85
PAGO001031,CRED0130,2023-10-18,24819.32
PAGO001032,CRED0131,2023-03-24,23196.19
PAGO001033,CRED0131,2023-05-03,19567.28
PAGO001034,CRED0131,2023-05-30,23128.48
PAGO001035,CRED0131,2023-07-02,24979.86
PAGO001036,CRED0131,2023-07-28,18776.86
PAGO001037,CRED0131,2023-09-01,17366.49
PAGO001038,CRED0131,2023-10-02,22289.36
PAGO001039,CRED0131,2023-11-08,25234.57
PAGO001040,CRED0131,2023-12-12,18631.22
PAGO001041,CRED0131,2024-01-13,22114.11
PAGO001042,CRED0131,2024-02-19,23064.77
PAGO001043,CRED0131,2024-03-25,20124.52
PAGO001044,CRED0132,2025-04-22,21302.16
PAGO001045,CRED0132,2025-05-19,19808.9
PAGO001046,CRED0132,2025-06-24,16267.43
PAGO001047,CRED0132,2025-08-01,17680.92
PAGO001048,CRED0132,2025-08-28,18539.95
PAGO001049,CRED0132,2025-10-04,23516.97
PAGO001050,CRED0132,2025-11-08,16076.76
PAGO001051,CRED0132,2025-12-11,22048.62
PAGO001052,CRED0132,2026-01-19,19728.19
PAGO001053,CRED0132,2026-02-24,23056.33
PAGO001054,CRED0133,2024-06-11,1431.85
PAGO001055,CRED0133,2024-07-18,1154.89
PAGO001056,CRED0133,2024-08-21,1549.33
PAGO001057,CRED0133,2024-09-17,1152.86
PAGO001058,CRED0133,2024-10-16,1317.85
PAGO001059,CRED0133,2024-11-14,1517.0
PAGO001060,CRED0133,2024-12-19,1307.16
PAGO001061,CRED0133,2025-01-15,1110.31
PAGO001062,CRED0133,2025-02-18,1917.41
PAGO001063,CRED0134,2023-10-05,30225.33
PAGO001064,CRED0134,2023-11-01,31449.74
PAGO001065,CRED0134,2023-12-10,46157.95
PAGO001066,CRED0135,2026-01-26,8645.69
PAGO001067,CRED0135,2026-02-22,9538.25
PAGO001068,CRED0135,2026-03-29,10518.15
PAGO001069,CRED0135,2026-04-23,8026.92
PAGO001070,CRED0136,2024-12-29,615.65
PAGO001071,CRED0136,2025-01-30,759.55
PAGO001072,CRED0136,2025-03-01,793.02
PAGO001073,CRED0136,2025-03-31,784.96
PAGO001074,CRED0137,2025-07-06,10646.51
PAGO001075,CRED0137,2025-08-02,9254.73
PAGO001076,CRED0137,2025-09-04,12126.39
PAGO001077,CRED0138,2025-07-10,7433.87
PAGO001078,CRED0139,2025-10-17,6539.59
PAGO001079,CRED0139,2025-11-26,7550.3
PAGO001080,CRED0139,2025-12-27,7154.57
PAGO001081,CRED0139,2026-01-25,6708.61
PAGO001082,CRED0139,2026-03-03,6788.84
PAGO001083,CRED0139,2026-04-09,8162.37
PAGO001084,CRED0139,2026-05-14,7103.23
PAGO001085,CRED0139,2026-06-21,8195.55
PAGO001086,CRED0139,2026-07-20,6696.32
PAGO001087,CRED0139,2026-08-20,7216.13
PAGO001088,CRED0139,2026-09-19,8629.56
PAGO001089,CRED0139,2026-10-24,6670.16
PAGO001090,CRED0139,2026-12-03,8638.84
PAGO001091,CRED0139,2027-01-04,6770.41
PAGO001092,CRED0139,2027-02-06,8198.52
PAGO001093,CRED0139,2027-03-15,6884.31
PAGO001094,CRED0139,2027-04-15,5805.68
PAGO001095,CRED0140,2024-11-21,21309.97
PAGO001096,CRED0140,2024-12-30,31257.5
PAGO001097,CRED0141,2025-08-11,4019.22
PAGO001098,CRED0141,2025-09-07,4001.74
PAGO001099,CRED0141,2025-10-15,3794.5
PAGO001100,CRED0141,2025-11-13,3738.22
PAGO001101,CRED0141,2025-12-15,3197.86
PAGO001102,CRED0141,2026-01-13,3854.49
PAGO001103,CRED0141,2026-02-19,2944.15
PAGO001104,CRED0141,2026-03-31,3665.69
PAGO001105,CRED0141,2026-05-08,3610.9
PAGO001106,CRED0141,2026-06-13,3835.18
PAGO001107,CRED0141,2026-07-10,2994.41
PAGO001108,CRED0141,2026-08-11,3772.67
PAGO001109,CRED0141,2026-09-16,3075.28
PAGO001110,CRED0141,2026-10-12,3638.69
PAGO001111,CRED0141,2026-11-18,4211.62
PAGO001112,CRED0141,2026-12-23,4210.06
PAGO001113,CRED0141,2027-01-30,2989.55
PAGO001114,CRED0141,2027-02-27,3206.45
PAGO001115,CRED0141,2027-03-31,3471.97
PAGO001116,CRED0141,2027-05-07,2746.21
PAGO001117,CRED0142,2025-03-17,6763.87
PAGO001118,CRED0142,2025-04-22,8108.92
PAGO001119,CRED0142,2025-06-01,5692.9
PAGO001120,CRED0142,2025-07-09,7900.21
PAGO001121,CRED0142,2025-08-05,5724.06
PAGO001122,CRED0142,2025-09-03,6385.71
PAGO001123,CRED0143,2025-10-25,4546.68
PAGO001124,CRED0143,2025-12-04,3834.74
PAGO001125,CRED0143,2026-01-01,3981.49
PAGO001126,CRED0143,2026-02-09,3786.75
PAGO001127,CRED0143,2026-03-15,3338.94
PAGO001128,CRED0143,2026-04-12,3302.86
PAGO001129,CRED0143,2026-05-17,5785.82
PAGO001130,CRED0144,2024-08-18,21194.79
PAGO001131,CRED0144,2024-09-19,14974.76
PAGO001132,CRED0145,2024-06-08,8332.98
PAGO001133,CRED0145,2024-07-17,7265.28
PAGO001134,CRED0145,2024-08-23,8560.56
PAGO001135,CRED0145,2024-09-22,8595.46
PAGO001136,CRED0145,2024-10-30,7798.25
PAGO001137,CRED0145,2024-11-30,7974.01
PAGO001138,CRED0145,2025-01-07,7776.29
PAGO001139,CRED0145,2025-02-07,7180.41
PAGO001140,CRED0145,2025-03-06,8389.95
PAGO001141,CRED0145,2025-04-05,7701.28
PAGO001142,CRED0145,2025-05-06,7999.98
PAGO001143,CRED0145,2025-06-08,8693.84
PAGO001144,CRED0145,2025-07-18,8228.38
PAGO001145,CRED0145,2025-08-22,8453.83
PAGO001146,CRED0145,2025-09-28,8421.38
PAGO001147,CRED0145,2025-11-03,7656.33
PAGO001148,CRED0145,2025-12-12,8520.21
PAGO001149,CRED0145,2026-01-15,9501.08
PAGO001150,CRED0145,2026-02-11,8698.42
PAGO001151,CRED0145,2026-03-18,6894.2
PAGO001152,CRED0145,2026-04-21,6891.23
PAGO001153,CRED0145,2026-05-27,8767.85
PAGO001154,CRED0145,2026-07-03,8876.49
PAGO001155,CRED0146,2025-10-02,5110.05
PAGO001156,CRED0146,2025-11-01,5330.77
PAGO001157,CRED0146,2025-12-01,5477.06
PAGO001158,CRED0146,2026-01-10,4906.66
PAGO001159,CRED0146,2026-02-09,4961.85
PAGO001160,CRED0146,2026-03-20,5615.33
PAGO001161,CRED0146,2026-04-25,6327.98
PAGO001162,CRED0146,2026-06-04,4580.17
PAGO001163,CRED0146,2026-07-11,6353.67
PAGO001164,CRED0146,2026-08-20,5164.55
PAGO001165,CRED0146,2026-09-29,5178.48
PAGO001166,CRED0146,2026-11-07,5305.57
PAGO001167,CRED0147,2023-08-09,5812.28
PAGO001168,CRED0147,2023-09-10,6559.91
PAGO001169,CRED0147,2023-10-13,6367.45
PAGO001170,CRED0147,2023-11-16,6205.37
PAGO001171,CRED0147,2023-12-25,7342.83
PAGO001172,CRED0147,2024-02-03,7297.26
PAGO001173,CRED0147,2024-03-02,7363.05
PAGO001174,CRED0147,2024-04-04,7942.31
PAGO001175,CRED0147,2024-05-10,7275.27
PAGO001176,CRED0147,2024-06-05,7899.07
PAGO001177,CRED0147,2024-07-14,8639.59
PAGO001178,CRED0148,2025-02-24,5701.35
PAGO001179,CRED0148,2025-03-28,4628.88
PAGO001180,CRED0148,2025-04-23,4935.14
PAGO001181,CRED0148,2025-05-29,5766.08
PAGO001182,CRED0148,2025-06-25,4913.66
PAGO001183,CRED0148,2025-07-23,5591.68
PAGO001184,CRED0148,2025-08-24,4451.94
PAGO001185,CRED0148,2025-09-29,5763.76
PAGO001186,CRED0148,2025-11-06,3575.15
PAGO001187,CRED0149,2024-12-08,2643.24
PAGO001188,CRED0149,2025-01-08,3360.55
PAGO001189,CRED0149,2025-02-13,3033.34
PAGO001190,CRED0149,2025-03-15,2783.43
PAGO001191,CRED0149,2025-04-18,2742.32
PAGO001192,CRED0149,2025-05-21,3536.58
PAGO001193,CRED0149,2025-06-18,2558.16
PAGO001194,CRED0149,2025-07-26,3496.3
PAGO001195,CRED0149,2025-08-28,3434.35
PAGO001196,CRED0149,2025-09-26,3235.95
PAGO001197,CRED0149,2025-10-25,2694.82
PAGO001198,CRED0149,2025-11-29,2417.02
PAGO001199,CRED0150,2024-05-17,2285.65
PAGO001200,CRED0150,2024-06-19,2330.33
PAGO001201,CRED0150,2024-07-26,2174.41
PAGO001202,CRED0150,2024-08-22,2130.84
PAGO001203,CRED0150,2024-09-24,2389.65
PAGO001204,CRED0150,2024-10-30,2176.81
PAGO001205,CRED0150,2024-12-09,2063.83
PAGO001206,CRED0150,2025-01-03,2544.13
PAGO001207,CRED0150,2025-01-30,1857.24
PAGO001208,CRED0151,2024-02-14,5595.68
PAGO001209,CRED0151,2024-03-22,4439.09
PAGO001210,CRED0151,2024-04-29,5654.06
PAGO001211,CRED0151,2024-06-08,4540.58
PAGO001212,CRED0151,2024-07-12,4679.12
PAGO001213,CRED0151,2024-08-10,5136.25
PAGO001214,CRED0151,2024-09-19,5580.92
PAGO001215,CRED0151,2024-10-15,4405.21
PAGO001216,CRED0152,2026-01-09,28077.76
PAGO001217,CRED0152,2026-02-03,21025.76
PAGO001218,CRED0152,2026-03-05,24163.92
PAGO001219,CRED0152,2026-03-30,25712.84
PAGO001220,CRED0153,2024-09-28,10002.01
PAGO001221,CRED0153,2024-11-01,7422.17
PAGO001222,CRED0153,2024-12-04,7196.52
PAGO001223,CRED0153,2025-01-09,7736.43
PAGO001224,CRED0153,2025-02-14,9160.09
PAGO001225,CRED0153,2025-03-16,10050.03
PAGO001226,CRED0154,2023-10-17,5710.04
PAGO001227,CRED0154,2023-11-18,5088.43
PAGO001228,CRED0154,2023-12-15,5663.35
PAGO001229,CRED0154,2024-01-09,4636.38
PAGO001230,CRED0154,2024-02-05,4467.3
PAGO001231,CRED0154,2024-03-08,5277.4
PAGO001232,CRED0154,2024-04-16,4208.79
PAGO001233,CRED0154,2024-05-21,5900.9
PAGO001234,CRED0154,2024-06-28,6177.41
PAGO001235,CRED0155,2023-10-16,5506.1
PAGO001236,CRED0155,2023-11-13,4859.46
PAGO001237,CRED0155,2023-12-19,6656.55
PAGO001238,CRED0155,2024-01-17,5505.29
PAGO001239,CRED0155,2024-02-15,6103.38
PAGO001240,CRED0155,2024-03-15,4779.08
PAGO001241,CRED0155,2024-04-09,6031.16
PAGO001242,CRED0155,2024-05-09,5637.87
PAGO001243,CRED0155,2024-06-09,6072.2
PAGO001244,CRED0155,2024-07-08,6611.59
PAGO001245,CRED0156,2024-09-04,7852.67
PAGO001246,CRED0156,2024-10-01,7953.25
PAGO001247,CRED0156,2024-10-30,7557.46
PAGO001248,CRED0156,2024-12-06,6456.67
PAGO001249,CRED0156,2025-01-13,6354.99
PAGO001250,CRED0156,2025-02-11,6171.8
PAGO001251,CRED0156,2025-03-10,6172.85
PAGO001252,CRED0156,2025-04-13,7630.29
PAGO001253,CRED0156,2025-05-08,7819.53
PAGO001254,CRED0156,2025-06-11,6055.55
PAGO001255,CRED0156,2025-07-12,7544.82
PAGO001256,CRED0156,2025-08-15,4801.88
PAGO001257,CRED0157,2024-07-01,38826.25
PAGO001258,CRED0157,2024-08-10,53059.59
PAGO001259,CRED0158,2025-11-03,928.08
PAGO001260,CRED0158,2025-12-09,1353.3
PAGO001261,CRED0158,2026-01-07,1100.95
PAGO001262,CRED0158,2026-02-14,1091.07
PAGO001263,CRED0158,2026-03-16,1274.33
PAGO001264,CRED0158,2026-04-12,930.22
PAGO001265,CRED0158,2026-05-09,928.88
PAGO001266,CRED0158,2026-06-09,940.89
PAGO001267,CRED0158,2026-07-05,1360.11
PAGO001268,CRED0158,2026-08-11,1156.2
PAGO001269,CRED0158,2026-09-18,1117.9
PAGO001270,CRED0158,2026-10-25,960.54
PAGO001271,CRED0158,2026-11-23,1050.5
PAGO001272,CRED0158,2026-12-27,958.97
PAGO001273,CRED0158,2027-01-27,1371.93
PAGO001274,CRED0158,2027-02-25,1169.93
PAGO001275,CRED0158,2027-04-03,1193.02
PAGO001276,CRED0158,2027-04-30,1065.59
PAGO001277,CRED0158,2027-06-07,1259.22
PAGO001278,CRED0158,2027-07-09,949.23
PAGO001279,CRED0158,2027-08-05,1349.01
PAGO001280,CRED0158,2027-09-02,1859.4
PAGO001281,CRED0159,2023-12-02,10125.68
PAGO001282,CRED0159,2024-01-01,9293.24
PAGO001283,CRED0159,2024-01-30,11845.42
PAGO001284,CRED0159,2024-02-29,10946.17
PAGO001285,CRED0159,2024-04-05,11062.77
PAGO001286,CRED0159,2024-05-08,9501.61
PAGO001287,CRED0159,2024-06-06,12057.1
PAGO001288,CRED0159,2024-07-09,11983.26
PAGO001289,CRED0159,2024-08-06,12152.05
PAGO001290,CRED0159,2024-08-31,10238.46
PAGO001291,CRED0159,2024-10-08,9962.08
PAGO001292,CRED0159,2024-11-04,12374.88
PAGO001293,CRED0160,2023-09-30,6374.52
PAGO001294,CRED0160,2023-11-05,5249.06
PAGO001295,CRED0160,2023-12-05,6046.46
PAGO001296,CRED0160,2024-01-07,7082.37
PAGO001297,CRED0160,2024-02-04,5690.77
PAGO001298,CRED0160,2024-02-29,5219.95
PAGO001299,CRED0160,2024-03-25,5732.0
PAGO001300,CRED0160,2024-05-04,6036.99
PAGO001301,CRED0160,2024-06-02,5564.5
PAGO001302,CRED0160,2024-06-28,6519.36
PAGO001303,CRED0160,2024-08-05,5680.84
PAGO001304,CRED0160,2024-09-06,6170.5
PAGO001305,CRED0160,2024-10-11,5800.21
PAGO001306,CRED0160,2024-11-07,6567.04
PAGO001307,CRED0160,2024-12-05,6389.57
PAGO001308,CRED0160,2024-12-31,5565.48
PAGO001309,CRED0160,2025-01-26,7543.96
PAGO001310,CRED0160,2025-02-22,7347.09
PAGO001311,CRED0160,2025-03-28,7082.87
PAGO001312,CRED0160,2025-05-01,5943.33
PAGO001313,CRED0160,2025-06-09,5127.83
PAGO001314,CRED0160,2025-07-10,5852.14
PAGO001315,CRED0160,2025-08-13,6996.17
PAGO001316,CRED0160,2025-09-14,11641.5
PAGO001317,CRED0161,2024-05-07,15476.32
PAGO001318,CRED0161,2024-06-07,16960.43
PAGO001319,CRED0161,2024-07-09,13348.59
PAGO001320,CRED0161,2024-08-16,12562.43
PAGO001321,CRED0161,2024-09-21,16361.32
PAGO001322,CRED0161,2024-10-16,18316.83
PAGO001323,CRED0161,2024-11-10,17124.71
PAGO001324,CRED0161,2024-12-17,13989.6
PAGO001325,CRED0162,2024-09-30,27681.35
PAGO001326,CRED0162,2024-11-07,23124.39
PAGO001327,CRED0162,2024-12-03,27583.39
PAGO001328,CRED0162,2025-01-01,14404.29
PAGO001329,CRED0163,2023-06-03,11840.4
PAGO001330,CRED0163,2023-07-11,14330.94
PAGO001331,CRED0163,2023-08-16,13044.81
PAGO001332,CRED0163,2023-09-12,13844.77
PAGO001333,CRED0164,2024-04-07,2797.15
PAGO001334,CRED0164,2024-05-04,2570.93
PAGO001335,CRED0164,2024-05-30,2415.29
PAGO001336,CRED0164,2024-06-28,2218.68
PAGO001337,CRED0164,2024-07-31,2827.85
PAGO001338,CRED0164,2024-09-06,2678.88
PAGO001339,CRED0164,2024-10-11,2299.31
PAGO001340,CRED0164,2024-11-13,2215.54
PAGO001341,CRED0164,2024-12-14,2118.83
PAGO001342,CRED0164,2025-01-11,2137.97
PAGO001343,CRED0164,2025-02-10,2997.12
PAGO001344,CRED0165,2023-07-03,1784.67
PAGO001345,CRED0165,2023-08-08,2494.84
PAGO001346,CRED0165,2023-09-08,2063.37
PAGO001347,CRED0165,2023-10-17,1906.08
PAGO001348,CRED0165,2023-11-14,1759.16
PAGO001349,CRED0165,2023-12-18,2378.5
PAGO001350,CRED0165,2024-01-13,1864.01
PAGO001351,CRED0165,2024-02-17,1807.88
PAGO001352,CRED0165,2024-03-20,2498.0
PAGO001353,CRED0165,2024-04-26,2481.79
PAGO001354,CRED0166,2025-09-19,5979.25
PAGO001355,CRED0166,2025-10-14,5902.12
PAGO001356,CRED0166,2025-11-22,5110.11
PAGO001357,CRED0166,2025-12-24,4187.98
PAGO001358,CRED0166,2026-01-21,5605.83
PAGO001359,CRED0166,2026-02-19,4241.42
PAGO001360,CRED0166,2026-03-17,3961.0
PAGO001361,CRED0168,2024-03-11,6617.5
PAGO001362,CRED0168,2024-04-07,6496.81
PAGO001363,CRED0168,2024-05-10,7339.89
PAGO001364,CRED0168,2024-06-06,5086.6
PAGO001365,CRED0168,2024-07-03,5529.27
PAGO001366,CRED0168,2024-08-11,7067.85
PAGO001367,CRED0168,2024-09-07,7308.81
PAGO001368,CRED0168,2024-10-12,5340.02
PAGO001369,CRED0168,2024-11-20,5820.45
PAGO001370,CRED0169,2024-07-28,32885.95
PAGO001371,CRED0169,2024-09-03,33737.04
PAGO001372,CRED0169,2024-10-10,36265.65
PAGO001373,CRED0169,2024-11-09,31815.32
PAGO001374,CRED0169,2024-12-09,34242.99
PAGO001375,CRED0170,2024-09-13,7334.35
PAGO001376,CRED0170,2024-10-15,9036.48
PAGO001377,CRED0170,2024-11-24,8233.33
PAGO001378,CRED0170,2025-01-03,7035.15
PAGO001379,CRED0170,2025-02-05,8134.42
PAGO001380,CRED0170,2025-03-15,7507.85
PAGO001381,CRED0170,2025-04-16,8980.08
PAGO001382,CRED0170,2025-05-11,10204.33
PAGO001383,CRED0170,2025-06-16,8464.4
PAGO001384,CRED0170,2025-07-26,8001.36
PAGO001385,CRED0170,2025-08-30,8152.74
PAGO001386,CRED0170,2025-09-29,6915.97
PAGO001387,CRED0170,2025-10-31,6927.03
PAGO001388,CRED0170,2025-12-03,14544.99
PAGO001389,CRED0171,2024-08-10,8512.08
PAGO001390,CRED0171,2024-09-11,9149.33
PAGO001391,CRED0171,2024-10-09,6915.44
PAGO001392,CRED0171,2024-11-10,6972.88
PAGO001393,CRED0171,2024-12-06,8503.49
PAGO001394,CRED0171,2025-01-07,7924.02
PAGO001395,CRED0171,2025-02-13,7244.46
PAGO001396,CRED0171,2025-03-15,6694.69
PAGO001397,CRED0171,2025-04-19,8633.2
PAGO001398,CRED0171,2025-05-25,6361.93
PAGO001399,CRED0172,2023-04-22,23621.1
PAGO001400,CRED0172,2023-05-23,26137.35
PAGO001401,CRED0172,2023-07-02,23423.16
PAGO001402,CRED0172,2023-08-01,22946.91
PAGO001403,CRED0172,2023-08-28,18945.55
PAGO001404,CRED0172,2023-09-29,18611.64
PAGO001405,CRED0172,2023-11-08,18434.32
PAGO001406,CRED0172,2023-12-09,32160.17
PAGO001407,CRED0173,2023-03-24,2157.55
PAGO001408,CRED0173,2023-04-28,1522.41
PAGO001409,CRED0173,2023-05-27,1912.01
PAGO001410,CRED0173,2023-06-25,2050.8
PAGO001411,CRED0173,2023-07-31,2188.43
PAGO001412,CRED0173,2023-09-05,1999.18
PAGO001413,CRED0173,2023-10-12,1911.57
PAGO001414,CRED0173,2023-11-16,1701.45
PAGO001415,CRED0173,2023-12-15,2199.74
PAGO001416,CRED0173,2024-01-22,2063.72
PAGO001417,CRED0173,2024-03-02,1958.26
PAGO001418,CRED0173,2024-04-01,2001.14
PAGO001419,CRED0173,2024-05-07,1643.41
PAGO001420,CRED0173,2024-06-06,1758.09
PAGO001421,CRED0173,2024-07-10,1572.53
PAGO001422,CRED0173,2024-08-04,927.53
PAGO001423,CRED0174,2023-03-14,5635.91
PAGO001424,CRED0174,2023-04-15,5716.6
PAGO001425,CRED0174,2023-05-13,6359.89
PAGO001426,CRED0174,2023-06-11,5048.54
PAGO001427,CRED0174,2023-07-08,4846.76
PAGO001428,CRED0174,2023-08-12,4694.93
PAGO001429,CRED0174,2023-09-08,6110.78
PAGO001430,CRED0174,2023-10-13,5298.59
PAGO001431,CRED0174,2023-11-15,4785.44
PAGO001432,CRED0174,2023-12-12,5090.36
PAGO001433,CRED0174,2024-01-09,5891.51
PAGO001434,CRED0174,2024-02-04,5490.74
PAGO001435,CRED0175,2024-01-24,10155.59
PAGO001436,CRED0175,2024-03-02,8527.4
PAGO001437,CRED0175,2024-04-08,8042.21
PAGO001438,CRED0175,2024-05-15,7187.78
PAGO001439,CRED0175,2024-06-24,9538.64
PAGO001440,CRED0175,2024-07-26,7397.2
PAGO001441,CRED0175,2024-08-22,9574.43
PAGO001442,CRED0175,2024-09-17,7849.56
PAGO001443,CRED0175,2024-10-22,7734.02
PAGO001444,CRED0175,2024-11-19,9503.78
PAGO001445,CRED0176,2024-02-06,13450.98
PAGO001446,CRED0176,2024-03-04,14422.59
PAGO001447,CRED0176,2024-03-31,14595.02
PAGO001448,CRED0177,2025-09-19,7354.93
PAGO001449,CRED0177,2025-10-14,6180.72
PAGO001450,CRED0177,2025-11-13,6628.12
PAGO001451,CRED0177,2025-12-21,5483.62
PAGO001452,CRED0177,2026-01-18,5925.93
PAGO001453,CRED0177,2026-02-18,6124.68
PAGO001454,CRED0177,2026-03-23,6763.57
PAGO001455,CRED0177,2026-04-26,5688.12
PAGO001456,CRED0177,2026-05-22,6083.05
PAGO001457,CRED0177,2026-07-01,5474.69
PAGO001458,CRED0177,2026-08-06,5093.94
PAGO001459,CRED0177,2026-09-02,9462.3
PAGO001460,CRED0178,2023-12-26,3453.13
PAGO001461,CRED0178,2024-01-26,3574.73
PAGO001462,CRED0178,2024-02-29,4902.35
PAGO001463,CRED0178,2024-04-09,4682.86
PAGO001464,CRED0178,2024-05-13,4585.88
PAGO001465,CRED0178,2024-06-22,4098.82
PAGO001466,CRED0178,2024-07-25,3443.49
PAGO001467,CRED0178,2024-08-31,3597.86
PAGO001468,CRED0178,2024-10-07,3901.71
PAGO001469,CRED0178,2024-11-15,3366.89
PAGO001470,CRED0178,2024-12-24,4059.23
PAGO001471,CRED0178,2025-01-25,5734.31
PAGO001472,CRED0179,2025-04-30,6624.48
PAGO001473,CRED0179,2025-05-28,5020.18
PAGO001474,CRED0179,2025-07-03,6759.13
PAGO001475,CRED0179,2025-08-10,7150.32
PAGO001476,CRED0179,2025-09-11,6146.38
PAGO001477,CRED0179,2025-10-18,6783.75
PAGO001478,CRED0179,2025-11-25,7138.1
PAGO001479,CRED0179,2026-01-04,6192.38
PAGO001480,CRED0179,2026-02-05,5960.23
PAGO001481,CRED0179,2026-03-04,5764.16
PAGO001482,CRED0179,2026-03-30,6022.42
PAGO001483,CRED0179,2026-04-28,2646.81
PAGO001484,CRED0180,2024-11-05,3690.83
PAGO001485,CRED0181,2025-12-19,16164.23
PAGO001486,CRED0181,2026-01-26,15800.7
PAGO001487,CRED0181,2026-03-05,16739.99
PAGO001488,CRED0181,2026-04-03,21546.18
PAGO001489,CRED0181,2026-05-06,17635.79
PAGO001490,CRED0181,2026-06-02,15866.53
PAGO001491,CRED0181,2026-07-09,19401.88
PAGO001492,CRED0181,2026-08-11,19155.82
PAGO001493,CRED0181,2026-09-05,21184.63
PAGO001494,CRED0181,2026-10-13,16060.33
PAGO001495,CRED0181,2026-11-11,16331.59
PAGO001496,CRED0181,2026-12-09,32185.99
PAGO001497,CRED0182,2025-09-03,5408.9
PAGO001498,CRED0182,2025-10-09,5587.82
PAGO001499,CRED0182,2025-11-11,4627.0
PAGO001500,CRED0182,2025-12-21,4993.93
PAGO001501,CRED0182,2026-01-30,3956.01
PAGO001502,CRED0182,2026-03-04,4665.7
PAGO001503,CRED0182,2026-04-10,3958.57
PAGO001504,CRED0182,2026-05-15,5223.99
PAGO001505,CRED0182,2026-06-10,5331.24
PAGO001506,CRED0182,2026-07-13,5624.98
PAGO001507,CRED0182,2026-08-07,4539.28
PAGO001508,CRED0182,2026-09-10,4487.02
PAGO001509,CRED0182,2026-10-20,5549.65
PAGO001510,CRED0182,2026-11-17,5771.5
PAGO001511,CRED0182,2026-12-19,4144.2
PAGO001512,CRED0182,2027-01-27,5386.15
PAGO001513,CRED0182,2027-03-03,4406.38
PAGO001514,CRED0182,2027-04-10,5057.92
PAGO001515,CRED0182,2027-05-07,4248.17
PAGO001516,CRED0182,2027-06-07,5656.82
PAGO001517,CRED0182,2027-07-15,5321.91
PAGO001518,CRED0182,2027-08-20,5477.39
PAGO001519,CRED0182,2027-09-19,4010.67
PAGO001520,CRED0182,2027-10-26,3062.88
PAGO001521,CRED0183,2025-11-16,9219.87
PAGO001522,CRED0183,2025-12-17,13065.28
PAGO001523,CRED0183,2026-01-17,12891.68
PAGO001524,CRED0183,2026-02-18,9238.6
PAGO001525,CRED0183,2026-03-16,13260.0
PAGO001526,CRED0183,2026-04-16,10333.32
PAGO001527,CRED0183,2026-05-25,11383.7
PAGO001528,CRED0183,2026-06-22,12183.69
PAGO001529,CRED0183,2026-07-24,10780.87
PAGO001530,CRED0183,2026-09-01,9895.29
PAGO001531,CRED0183,2026-10-11,12712.1
PAGO001532,CRED0184,2023-10-26,25421.02
PAGO001533,CRED0184,2023-11-22,20068.73
PAGO001534,CRED0184,2023-12-29,20379.37
PAGO001535,CRED0185,2023-10-06,1315.28
PAGO001536,CRED0185,2023-11-06,1351.84
PAGO001537,CRED0185,2023-12-08,1266.95
PAGO001538,CRED0185,2024-01-10,1254.6
PAGO001539,CRED0185,2024-02-04,1355.4
PAGO001540,CRED0185,2024-02-29,1170.62
PAGO001541,CRED0185,2024-03-29,1252.61
PAGO001542,CRED0185,2024-04-23,1052.18
PAGO001543,CRED0185,2024-05-27,1283.54
PAGO001544,CRED0185,2024-06-29,1146.83
PAGO001545,CRED0185,2024-08-05,561.8
PAGO001546,CRED0186,2023-12-21,4159.68
PAGO001547,CRED0186,2024-01-27,4358.31
PAGO001548,CRED0186,2024-02-21,4235.25
PAGO001549,CRED0186,2024-03-28,4319.48
PAGO001550,CRED0186,2024-05-01,3876.0
PAGO001551,CRED0186,2024-05-29,4185.04
PAGO001552,CRED0186,2024-07-03,5039.38
PAGO001553,CRED0186,2024-08-07,4825.43
PAGO001554,CRED0186,2024-09-09,4479.11
PAGO001555,CRED0186,2024-10-13,3690.31
PAGO001556,CRED0186,2024-11-14,4889.84
PAGO001557,CRED0186,2024-12-21,4486.55
PAGO001558,CRED0186,2025-01-19,4589.0
PAGO001559,CRED0186,2025-02-28,5054.74
PAGO001560,CRED0186,2025-04-02,4902.03
PAGO001561,CRED0186,2025-05-09,4027.43
PAGO001562,CRED0186,2025-06-04,4355.84
PAGO001563,CRED0186,2025-07-05,3951.36
PAGO001564,CRED0186,2025-08-06,4530.03
PAGO001565,CRED0186,2025-09-15,361.95
PAGO001566,CRED0187,2024-05-05,8011.43
PAGO001567,CRED0187,2024-06-04,8468.49
PAGO001568,CRED0187,2024-07-14,7856.22
PAGO001569,CRED0187,2024-08-16,10061.19
PAGO001570,CRED0187,2024-09-15,10879.83
PAGO001571,CRED0187,2024-10-20,9799.98
PAGO001572,CRED0187,2024-11-21,8695.54
PAGO001573,CRED0187,2024-12-25,8936.21
PAGO001574,CRED0187,2025-01-29,8756.08
PAGO001575,CRED0187,2025-03-04,9096.03
PAGO001576,CRED0187,2025-04-01,10967.02
PAGO001577,CRED0188,2023-12-12,34259.99
PAGO001578,CRED0188,2024-01-08,32783.35
PAGO001579,CRED0188,2024-02-08,32411.86
PAGO001580,CRED0189,2025-05-30,13560.43
PAGO001581,CRED0189,2025-06-28,12010.9
PAGO001582,CRED0189,2025-07-29,13164.61
PAGO001583,CRED0189,2025-09-06,12043.83
PAGO001584,CRED0189,2025-10-06,15616.23
PAGO001585,CRED0189,2025-11-15,13108.19
PAGO001586,CRED0189,2025-12-15,13000.21
PAGO001587,CRED0189,2026-01-10,11265.47
PAGO001588,CRED0189,2026-02-12,22668.66
PAGO001589,CRED0190,2023-11-23,8347.98
PAGO001590,CRED0190,2023-12-20,8235.7
PAGO001591,CRED0190,2024-01-27,10185.29
PAGO001592,CRED0190,2024-03-04,9394.51
PAGO001593,CRED0190,2024-04-13,9217.73
PAGO001594,CRED0190,2024-05-09,9799.67
PAGO001595,CRED0190,2024-06-14,11409.7
PAGO001596,CRED0190,2024-07-19,10662.4
PAGO001597,CRED0190,2024-08-19,7804.5
PAGO001598,CRED0190,2024-09-13,10158.99
PAGO001599,CRED0190,2024-10-15,11142.68
PAGO001600,CRED0191,2023-06-22,6572.55
PAGO001601,CRED0191,2023-07-20,6775.68
PAGO001602,CRED0191,2023-08-23,6160.16
PAGO001603,CRED0191,2023-09-18,6533.06
PAGO001604,CRED0191,2023-10-22,6981.42
PAGO001605,CRED0191,2023-11-26,9617.4
PAGO001606,CRED0192,2025-12-05,8209.74
PAGO001607,CRED0192,2026-01-10,7781.71
PAGO001608,CRED0192,2026-02-09,8341.88
PAGO001609,CRED0192,2026-03-18,5713.3
PAGO001610,CRED0192,2026-04-19,5323.29
PAGO001611,CRED0193,2025-10-29,20480.02
PAGO001612,CRED0193,2025-11-28,16790.56
PAGO001613,CRED0193,2025-12-24,18783.69
PAGO001614,CRED0193,2026-01-26,21915.82
PAGO001615,CRED0193,2026-02-21,20513.48
PAGO001616,CRED0193,2026-03-19,21051.6
PAGO001617,CRED0193,2026-04-13,16198.02
PAGO001618,CRED0193,2026-05-11,19112.54
PAGO001619,CRED0193,2026-06-17,16793.99
PAGO001620,CRED0193,2026-07-20,19568.22
PAGO001621,CRED0193,2026-08-18,17441.67
PAGO001622,CRED0193,2026-09-12,28598.8
PAGO001623,CRED0194,2024-12-11,11173.39
PAGO001624,CRED0194,2025-01-13,11006.85
PAGO001625,CRED0194,2025-02-11,10150.86
PAGO001626,CRED0194,2025-03-11,10540.13
PAGO001627,CRED0194,2025-04-08,9579.62
PAGO001628,CRED0194,2025-05-06,10482.02
PAGO001629,CRED0194,2025-06-06,11658.0
PAGO001630,CRED0194,2025-07-07,9895.27
PAGO001631,CRED0194,2025-08-14,9937.47
PAGO001632,CRED0195,2024-02-21,11993.4
PAGO001633,CRED0195,2024-03-23,12915.12
PAGO001634,CRED0195,2024-05-02,11197.07
PAGO001635,CRED0195,2024-05-27,9669.99
PAGO001636,CRED0195,2024-06-23,14279.0
PAGO001637,CRED0196,2023-04-30,3220.22
PAGO001638,CRED0196,2023-05-27,4164.76
PAGO001639,CRED0196,2023-06-23,4080.91
PAGO001640,CRED0196,2023-07-21,4352.44
PAGO001641,CRED0196,2023-08-22,3681.13
PAGO001642,CRED0196,2023-09-25,3392.5
PAGO001643,CRED0196,2023-10-21,3146.29
PAGO001644,CRED0196,2023-11-20,4306.53
PAGO001645,CRED0196,2023-12-24,3536.48
PAGO001646,CRED0196,2024-01-28,3635.04
PAGO001647,CRED0196,2024-02-25,3139.09
PAGO001648,CRED0196,2024-03-22,3011.24
PAGO001649,CRED0196,2024-04-20,3990.7
PAGO001650,CRED0196,2024-05-20,3489.2
PAGO001651,CRED0196,2024-06-28,4427.82
PAGO001652,CRED0196,2024-07-31,4313.03
PAGO001653,CRED0196,2024-08-27,3555.07
PAGO001654,CRED0196,2024-10-01,3270.75
PAGO001655,CRED0196,2024-11-07,3596.47
PAGO001656,CRED0196,2024-12-16,3404.05
PAGO001657,CRED0196,2025-01-22,4030.47
PAGO001658,CRED0196,2025-03-03,4195.29
PAGO001659,CRED0196,2025-04-02,3166.14
PAGO001660,CRED0196,2025-04-28,4796.67
PAGO001661,CRED0197,2025-03-31,20435.73
PAGO001662,CRED0197,2025-05-09,17205.69
PAGO001663,CRED0197,2025-06-15,21921.93
PAGO001664,CRED0197,2025-07-10,22579.88
PAGO001665,CRED0197,2025-08-08,19586.43
PAGO001666,CRED0197,2025-09-17,16666.76
PAGO001667,CRED0197,2025-10-25,19252.04
PAGO001668,CRED0197,2025-11-21,17839.51
PAGO001669,CRED0197,2025-12-26,21991.08
PAGO001670,CRED0198,2025-11-10,1934.21
PAGO001671,CRED0198,2025-12-12,1896.18
PAGO001672,CRED0199,2023-08-24,12913.15
PAGO001673,CRED0199,2023-09-21,11632.96
PAGO001674,CRED0199,2023-10-23,11867.65
PAGO001675,CRED0199,2023-11-29,10274.05
PAGO001676,CRED0199,2023-12-25,9618.93
PAGO001677,CRED0199,2024-01-24,11980.68
PAGO001678,CRED0199,2024-03-04,13636.57
PAGO001679,CRED0199,2024-04-03,9921.22
PAGO001680,CRED0199,2024-05-13,11096.39
PAGO001681,CRED0199,2024-06-17,14202.11
PAGO001682,CRED0199,2024-07-13,14350.89
PAGO001683,CRED0200,2023-03-03,17091.54
PAGO001684,CRED0200,2023-04-04,14784.15
PAGO001685,CRED0200,2023-05-13,19921.91
PAGO001686,CRED0200,2023-06-21,14849.5
PAGO001687,CRED0200,2023-07-31,22249.94
PAGO001688,CRED0201,2023-07-03,5746.93
PAGO001689,CRED0201,2023-07-28,4838.59
PAGO001690,CRED0201,2023-09-04,4684.84
PAGO001691,CRED0201,2023-09-29,6502.96
PAGO001692,CRED0201,2023-11-02,6650.7
PAGO001693,CRED0201,2023-12-03,6108.73
PAGO001694,CRED0201,2024-01-11,6789.33
PAGO001695,CRED0201,2024-02-16,4701.75
PAGO001696,CRED0202,2025-04-24,19686.6
PAGO001697,CRED0202,2025-06-03,22934.12
PAGO001698,CRED0202,2025-07-09,22927.84
PAGO001699,CRED0202,2025-08-06,17706.64
PAGO001700,CRED0202,2025-09-07,16902.62
PAGO001701,CRED0202,2025-10-13,26472.71
PAGO001702,CRED0203,2026-01-27,4927.07
PAGO001703,CRED0203,2026-02-22,5282.24
PAGO001704,CRED0203,2026-04-03,3902.95
PAGO001705,CRED0203,2026-05-11,3841.89
PAGO001706,CRED0203,2026-06-11,3988.82
PAGO001707,CRED0203,2026-07-18,4039.96
PAGO001708,CRED0203,2026-08-18,4953.86
PAGO001709,CRED0203,2026-09-15,5027.46
PAGO001710,CRED0203,2026-10-11,5336.49
PAGO001711,CRED0203,2026-11-08,5054.8
PAGO001712,CRED0203,2026-12-17,4480.87
PAGO001713,CRED0203,2027-01-15,5404.37
PAGO001714,CRED0203,2027-02-09,4613.93
PAGO001715,CRED0203,2027-03-07,4655.62
PAGO001716,CRED0203,2027-04-14,5176.37
PAGO001717,CRED0203,2027-05-24,5332.37
PAGO001718,CRED0203,2027-06-23,4908.33
PAGO001719,CRED0203,2027-07-23,4978.86
PAGO001720,CRED0203,2027-08-21,3835.68
PAGO001721,CRED0203,2027-09-25,4566.06
PAGO001722,CRED0203,2027-11-01,4410.26
PAGO001723,CRED0203,2027-12-03,4145.73
PAGO001724,CRED0203,2028-01-07,1983.01
PAGO001725,CRED0204,2023-04-14,7353.16
PAGO001726,CRED0204,2023-05-18,9777.27
PAGO001727,CRED0204,2023-06-22,9326.08
PAGO001728,CRED0204,2023-07-23,7568.81
PAGO001729,CRED0204,2023-08-26,9239.2
PAGO001730,CRED0204,2023-09-24,10252.75
PAGO001731,CRED0204,2023-10-24,8610.84
PAGO001732,CRED0204,2023-11-28,9320.85
PAGO001733,CRED0204,2024-01-03,8811.63
PAGO001734,CRED0204,2024-02-10,9196.67
PAGO001735,CRED0204,2024-03-15,9895.58
PAGO001736,CRED0204,2024-04-22,9657.7
PAGO001737,CRED0204,2024-05-20,6964.87
PAGO001738,CRED0204,2024-06-18,7060.45
PAGO001739,CRED0204,2024-07-14,7565.42
PAGO001740,CRED0204,2024-08-13,10260.3
PAGO001741,CRED0204,2024-09-15,7381.52
PAGO001742,CRED0204,2024-10-11,9252.9
PAGO001743,CRED0204,2024-11-14,7579.51
PAGO001744,CRED0204,2024-12-10,6873.42
PAGO001745,CRED0205,2024-05-10,6172.17
PAGO001746,CRED0206,2023-08-24,5476.5
PAGO001747,CRED0206,2023-09-27,5873.48
PAGO001748,CRED0206,2023-10-23,6382.87
PAGO001749,CRED0206,2023-11-29,5270.7
PAGO001750,CRED0206,2024-01-03,6468.69
PAGO001751,CRED0206,2024-01-29,4390.42
PAGO001752,CRED0206,2024-03-02,4805.09
PAGO001753,CRED0206,2024-04-10,6172.39
PAGO001754,CRED0206,2024-05-16,6009.08
PAGO001755,CRED0206,2024-06-16,6054.97
PAGO001756,CRED0206,2024-07-17,3075.25
PAGO001757,CRED0207,2023-05-05,3755.36
PAGO001758,CRED0207,2023-06-04,4147.06
PAGO001759,CRED0207,2023-07-02,3327.75
PAGO001760,CRED0207,2023-08-09,3190.45
PAGO001761,CRED0207,2023-09-11,2981.8
PAGO001762,CRED0207,2023-10-14,2807.63
PAGO001763,CRED0207,2023-11-22,3793.2
PAGO001764,CRED0207,2023-12-21,2855.64
PAGO001765,CRED0207,2024-01-25,3635.28
PAGO001766,CRED0207,2024-02-28,4502.43
PAGO001767,CRED0208,2025-07-01,1714.99
PAGO001768,CRED0208,2025-08-05,2089.38
PAGO001769,CRED0208,2025-09-04,2085.42
PAGO001770,CRED0208,2025-10-04,1998.82
PAGO001771,CRED0208,2025-11-10,1730.77
PAGO001772,CRED0208,2025-12-12,2385.57
PAGO001773,CRED0208,2026-01-16,1928.6
PAGO001774,CRED0208,2026-02-19,1835.43
PAGO001775,CRED0208,2026-03-31,2479.26
PAGO001776,CRED0208,2026-04-25,1749.61
PAGO001777,CRED0208,2026-05-31,2023.42
PAGO001778,CRED0208,2026-07-02,2799.19
PAGO001779,CRED0209,2024-02-03,3423.4
PAGO001780,CRED0209,2024-03-02,2921.03
PAGO001781,CRED0209,2024-04-05,2478.85
PAGO001782,CRED0209,2024-05-11,3078.27
PAGO001783,CRED0209,2024-06-19,3044.6
PAGO001784,CRED0209,2024-07-23,3548.37
PAGO001785,CRED0209,2024-08-23,2840.76
PAGO001786,CRED0209,2024-09-19,3609.5
PAGO001787,CRED0209,2024-10-19,3638.17
PAGO001788,CRED0209,2024-11-13,3216.16
PAGO001789,CRED0209,2024-12-14,3269.3
PAGO001790,CRED0209,2025-01-14,3507.57
PAGO001791,CRED0209,2025-02-21,3471.71
PAGO001792,CRED0209,2025-03-24,3106.98
PAGO001793,CRED0209,2025-05-01,3240.19
PAGO001794,CRED0209,2025-05-28,577.22
PAGO001795,CRED0210,2024-06-07,22304.05
PAGO001796,CRED0210,2024-07-04,19831.67
PAGO001797,CRED0210,2024-08-03,29605.61
PAGO001798,CRED0211,2024-07-04,4315.66
PAGO001799,CRED0211,2024-08-06,3682.47
PAGO001800,CRED0211,2024-09-14,4022.91
PAGO001801,CRED0211,2024-10-22,3542.94
PAGO001802,CRED0211,2024-11-28,4088.8
PAGO001803,CRED0211,2024-12-23,4040.05
PAGO001804,CRED0211,2025-01-19,4215.24
PAGO001805,CRED0211,2025-02-14,4130.99
PAGO001806,CRED0211,2025-03-13,3606.1
PAGO001807,CRED0211,2025-04-10,3502.3
PAGO001808,CRED0211,2025-05-14,2913.73
PAGO001809,CRED0212,2024-09-11,17366.1
PAGO001810,CRED0212,2024-10-18,20104.91
PAGO001811,CRED0212,2024-11-12,17624.79
PAGO001812,CRED0212,2024-12-14,15219.67
PAGO001813,CRED0212,2025-01-20,19924.3
PAGO001814,CRED0212,2025-02-23,21088.11
PAGO001815,CRED0212,2025-03-24,13342.82
PAGO001816,CRED0213,2024-10-04,8535.92
PAGO001817,CRED0213,2024-11-02,9011.64
PAGO001818,CRED0213,2024-11-27,10919.39
PAGO001819,CRED0213,2025-01-03,10768.43
PAGO001820,CRED0213,2025-01-30,9781.8
PAGO001821,CRED0213,2025-03-07,9387.27
PAGO001822,CRED0213,2025-04-05,9171.74
PAGO001823,CRED0213,2025-05-07,11106.84
PAGO001824,CRED0213,2025-06-09,9313.38
PAGO001825,CRED0213,2025-07-09,11336.43
PAGO001826,CRED0213,2025-08-04,12102.14
PAGO001827,CRED0213,2025-09-12,11224.79
PAGO001828,CRED0213,2025-10-09,9722.21
PAGO001829,CRED0213,2025-11-05,9552.59
PAGO001830,CRED0213,2025-12-06,11568.21
PAGO001831,CRED0213,2026-01-15,12527.22
PAGO001832,CRED0213,2026-02-20,14352.69
PAGO001833,CRED0214,2024-10-10,3702.78
PAGO001834,CRED0214,2024-11-06,5113.46
PAGO001835,CRED0214,2024-12-11,4383.05
PAGO001836,CRED0214,2025-01-15,4613.11
PAGO001837,CRED0214,2025-02-18,4749.08
PAGO001838,CRED0214,2025-03-19,3886.37
PAGO001839,CRED0215,2024-05-30,5952.19
PAGO001840,CRED0215,2024-07-04,6165.0
PAGO001841,CRED0215,2024-08-05,7444.08
PAGO001842,CRED0215,2024-09-12,6248.73
PAGO001843,CRED0215,2024-10-18,5857.96
PAGO001844,CRED0215,2024-11-22,7898.83
PAGO001845,CRED0215,2024-12-31,6711.69
PAGO001846,CRED0215,2025-02-03,6825.91
PAGO001847,CRED0215,2025-03-03,5971.76
PAGO001848,CRED0215,2025-03-30,7799.77
PAGO001849,CRED0215,2025-04-28,7935.64
PAGO001850,CRED0215,2025-05-29,6211.82
PAGO001851,CRED0215,2025-06-25,7485.87
PAGO001852,CRED0215,2025-07-20,7821.16
PAGO001853,CRED0215,2025-08-14,7719.76
PAGO001854,CRED0215,2025-09-20,5736.46
PAGO001855,CRED0216,2023-03-16,43464.87
PAGO001856,CRED0216,2023-04-25,45352.13
PAGO001857,CRED0216,2023-05-24,39349.08
PAGO001858,CRED0217,2023-05-11,12360.67
PAGO001859,CRED0217,2023-06-14,9514.73
PAGO001860,CRED0217,2023-07-11,10686.98
PAGO001861,CRED0217,2023-08-05,11872.57
PAGO001862,CRED0217,2023-09-04,12294.06
PAGO001863,CRED0217,2023-10-03,10907.41
PAGO001864,CRED0217,2023-11-02,11443.09
PAGO001865,CRED0217,2023-12-01,12199.14
PAGO001866,CRED0217,2024-01-10,9046.2
PAGO001867,CRED0218,2024-05-16,22289.16
PAGO001868,CRED0218,2024-06-12,20288.54
PAGO001869,CRED0218,2024-07-14,24621.97
PAGO001870,CRED0219,2024-06-27,10010.88
PAGO001871,CRED0219,2024-08-02,8221.86
PAGO001872,CRED0219,2024-09-10,9920.77
PAGO001873,CRED0219,2024-10-06,10261.74
PAGO001874,CRED0219,2024-11-10,7241.1
PAGO001875,CRED0219,2024-12-13,5986.5
PAGO001876,CRED0220,2023-11-07,6175.31
PAGO001877,CRED0220,2023-12-14,6719.16
PAGO001878,CRED0220,2024-01-10,7149.15
PAGO001879,CRED0220,2024-02-16,8444.55
PAGO001880,CRED0220,2024-03-19,7148.32
PAGO001881,CRED0220,2024-04-24,8003.0
PAGO001882,CRED0220,2024-05-30,7064.49
PAGO001883,CRED0220,2024-07-09,8201.67
PAGO001884,CRED0220,2024-08-03,7107.03
PAGO001885,CRED0220,2024-09-01,6931.08
PAGO001886,CRED0220,2024-10-03,5900.44
PAGO001887,CRED0220,2024-11-05,6282.31
PAGO001888,CRED0220,2024-12-05,6128.46
PAGO001889,CRED0220,2025-01-02,7559.48
PAGO001890,CRED0220,2025-02-09,7985.77
PAGO001891,CRED0220,2025-03-09,7049.31
PAGO001892,CRED0220,2025-04-18,7042.22
PAGO001893,CRED0220,2025-05-18,7520.14
PAGO001894,CRED0220,2025-06-25,5745.22
PAGO001895,CRED0220,2025-07-21,6044.74
PAGO001896,CRED0220,2025-08-20,6064.17
PAGO001897,CRED0220,2025-09-15,8211.97
PAGO001898,CRED0220,2025-10-14,5840.28
PAGO001899,CRED0220,2025-11-16,10125.31
PAGO001900,CRED0221,2024-10-24,10465.07
PAGO001901,CRED0221,2024-11-18,11588.94
PAGO001902,CRED0221,2024-12-22,11865.71
PAGO001903,CRED0221,2025-01-22,9860.55
PAGO001904,CRED0221,2025-03-03,11543.82
PAGO001905,CRED0221,2025-04-02,8935.21
PAGO001906,CRED0221,2025-05-10,10471.04
PAGO001907,CRED0221,2025-06-09,10561.11
PAGO001908,CRED0221,2025-07-12,8727.3
PAGO001909,CRED0221,2025-08-16,11765.45
PAGO001910,CRED0221,2025-09-12,8977.28
PAGO001911,CRED0221,2025-10-19,8584.34
PAGO001912,CRED0221,2025-11-13,8866.7
PAGO001913,CRED0221,2025-12-21,11379.61
PAGO001914,CRED0221,2026-01-18,8766.35
PAGO001915,CRED0221,2026-02-13,11585.9
PAGO001916,CRED0221,2026-03-13,8427.23
PAGO001917,CRED0221,2026-04-11,11683.46
PAGO001918,CRED0221,2026-05-06,11663.26
PAGO001919,CRED0221,2026-06-13,10153.81
PAGO001920,CRED0221,2026-07-19,11574.11
PAGO001921,CRED0221,2026-08-26,3984.98
PAGO001922,CRED0222,2023-08-03,11362.0
PAGO001923,CRED0222,2023-08-31,11573.16
PAGO001924,CRED0222,2023-10-03,11819.61
PAGO001925,CRED0222,2023-11-04,13885.39
PAGO001926,CRED0222,2023-12-01,10894.54
PAGO001927,CRED0222,2024-01-08,10773.05
PAGO001928,CRED0222,2024-02-02,12926.63
PAGO001929,CRED0222,2024-02-27,12300.8
PAGO001930,CRED0222,2024-03-26,12022.97
PAGO001931,CRED0222,2024-05-02,12666.09
PAGO001932,CRED0222,2024-06-06,11493.74
PAGO001933,CRED0222,2024-07-04,10281.47
PAGO001934,CRED0222,2024-08-06,10789.75
PAGO001935,CRED0222,2024-09-13,12237.25
PAGO001936,CRED0222,2024-10-16,14275.29
PAGO001937,CRED0222,2024-11-22,13145.27
PAGO001938,CRED0222,2024-12-30,12177.3
PAGO001939,CRED0222,2025-02-08,10395.7
PAGO001940,CRED0222,2025-03-20,10753.84
PAGO001941,CRED0222,2025-04-23,12299.19
PAGO001942,CRED0222,2025-05-30,12429.28
PAGO001943,CRED0223,2024-03-17,1459.34
PAGO001944,CRED0223,2024-04-16,1374.59
PAGO001945,CRED0223,2024-05-23,1823.44
PAGO001946,CRED0223,2024-06-18,1414.16
PAGO001947,CRED0223,2024-07-13,1835.41
PAGO001948,CRED0223,2024-08-11,1910.27
PAGO001949,CRED0224,2026-01-22,8435.87
PAGO001950,CRED0224,2026-02-23,9689.57
PAGO001951,CRED0224,2026-03-21,11134.97
PAGO001952,CRED0224,2026-04-27,10683.24
PAGO001953,CRED0224,2026-05-31,11143.67
PAGO001954,CRED0225,2025-10-13,48150.63
PAGO001955,CRED0225,2025-11-13,50560.28
PAGO001956,CRED0227,2025-04-23,11323.05
PAGO001957,CRED0227,2025-05-23,11220.56
PAGO001958,CRED0227,2025-06-28,9396.21
PAGO001959,CRED0227,2025-07-23,12486.2
PAGO001960,CRED0227,2025-08-19,12575.04
PAGO001961,CRED0227,2025-09-25,9874.03
PAGO001962,CRED0227,2025-11-01,10093.59
PAGO001963,CRED0227,2025-12-02,10564.78
PAGO001964,CRED0227,2025-12-29,12249.25
PAGO001965,CRED0227,2026-02-01,11439.24
PAGO001966,CRED0227,2026-03-09,9850.31
PAGO001967,CRED0227,2026-04-11,4811.67
PAGO001968,CRED0228,2023-02-28,4753.06
PAGO001969,CRED0228,2023-04-06,4985.7
PAGO001970,CRED0228,2023-05-09,4211.44
PAGO001971,CRED0228,2023-06-06,4954.18
PAGO001972,CRED0228,2023-07-10,4530.79
PAGO001973,CRED0228,2023-08-07,5427.23
PAGO001974,CRED0228,2023-09-09,5568.91
PAGO001975,CRED0228,2023-10-12,5216.66
PAGO001976,CRED0228,2023-11-18,4962.97
PAGO001977,CRED0228,2023-12-20,5339.19
PAGO001978,CRED0228,2024-01-28,5192.27
PAGO001979,CRED0228,2024-02-22,2945.49
PAGO001980,CRED0229,2024-07-20,16351.05
PAGO001981,CRED0229,2024-08-21,18370.26
PAGO001982,CRED0229,2024-09-22,19216.05
PAGO001983,CRED0229,2024-10-30,20281.69
PAGO001984,CRED0229,2024-11-24,18534.31
PAGO001985,CRED0229,2024-12-27,15428.62
PAGO001986,CRED0229,2025-01-23,16462.61
PAGO001987,CRED0229,2025-02-27,14246.71
PAGO001988,CRED0229,2025-03-29,15514.49
PAGO001989,CRED0230,2023-09-09,12550.65
PAGO001990,CRED0230,2023-10-12,9465.23
PAGO001991,CRED0230,2023-11-12,10836.43
PAGO001992,CRED0230,2023-12-13,9691.05
PAGO001993,CRED0230,2024-01-14,12457.1
PAGO001994,CRED0230,2024-02-14,9666.53
PAGO001995,CRED0230,2024-03-17,12299.22
PAGO001996,CRED0230,2024-04-22,9759.97
PAGO001997,CRED0231,2024-12-02,21765.71
PAGO001998,CRED0231,2025-01-11,27371.74
PAGO001999,CRED0231,2025-02-06,29824.08
PAGO002000,CRED0231,2025-03-14,27443.37
PAGO002001,CRED0231,2025-04-23,30348.84
PAGO002002,CRED0231,2025-05-26,26083.47
PAGO002003,CRED0231,2025-06-28,25110.36
PAGO002004,CRED0231,2025-07-27,21510.84
PAGO002005,CRED0231,2025-09-03,26159.35
PAGO002006,CRED0232,2025-09-07,9471.33
PAGO002007,CRED0232,2025-10-07,9914.81
PAGO002008,CRED0232,2025-11-04,10887.44
PAGO002009,CRED0232,2025-12-13,9343.67
PAGO002010,CRED0232,2026-01-07,8117.71
PAGO002011,CRED0232,2026-02-07,9601.01
PAGO002012,CRED0232,2026-03-07,9383.16
PAGO002013,CRED0232,2026-04-09,8825.18
PAGO002014,CRED0232,2026-05-12,9026.88
PAGO002015,CRED0232,2026-06-21,11937.68
PAGO002016,CRED0232,2026-07-26,9546.53
PAGO002017,CRED0232,2026-09-04,9780.63
PAGO002018,CRED0232,2026-10-12,10897.4
PAGO002019,CRED0232,2026-11-17,9543.11
PAGO002020,CRED0232,2026-12-24,9198.33
PAGO002021,CRED0232,2027-01-23,10375.66
PAGO002022,CRED0232,2027-02-24,11355.29
PAGO002023,CRED0232,2027-03-29,11314.52
PAGO002024,CRED0232,2027-05-06,11525.23
PAGO002025,CRED0232,2027-06-06,8658.5
PAGO002026,CRED0232,2027-07-05,9978.53
PAGO002027,CRED0232,2027-07-30,8782.63
PAGO002028,CRED0232,2027-09-08,14547.81
PAGO002029,CRED0233,2023-11-13,806.28
PAGO002030,CRED0233,2023-12-23,800.81
PAGO002031,CRED0233,2024-01-18,835.06
PAGO002032,CRED0233,2024-02-17,717.25
PAGO002033,CRED0233,2024-03-21,862.27
PAGO002034,CRED0233,2024-04-18,852.98
PAGO002035,CRED0233,2024-05-23,786.79
PAGO002036,CRED0233,2024-06-28,891.45
PAGO002037,CRED0233,2024-07-31,816.17
PAGO002038,CRED0233,2024-09-07,738.56
PAGO002039,CRED0233,2024-10-08,1467.16
PAGO002040,CRED0234,2023-09-25,2141.15
PAGO002041,CRED0234,2023-11-04,2222.49
PAGO002042,CRED0234,2023-12-13,2314.51
PAGO002043,CRED0234,2024-01-19,2093.47
PAGO002044,CRED0234,2024-02-27,2107.92
PAGO002045,CRED0234,2024-03-27,2297.39
PAGO002046,CRED0234,2024-05-01,1939.8
PAGO002047,CRED0234,2024-06-07,2281.89
PAGO002048,CRED0234,2024-07-04,1665.31
PAGO002049,CRED0234,2024-08-08,1784.74
PAGO002050,CRED0234,2024-09-12,2124.99
PAGO002051,CRED0234,2024-10-15,2086.84
PAGO002052,CRED0234,2024-11-21,1819.2
PAGO002053,CRED0234,2024-12-30,2227.48
PAGO002054,CRED0234,2025-02-04,929.22
PAGO002055,CRED0235,2025-08-17,5940.13
PAGO002056,CRED0235,2025-09-15,5676.99
PAGO002057,CRED0235,2025-10-18,6119.58
PAGO002058,CRED0235,2025-11-14,4600.6
PAGO002059,CRED0235,2025-12-21,4376.74
PAGO002060,CRED0235,2026-01-17,6112.0
PAGO002061,CRED0235,2026-02-26,5303.75
PAGO002062,CRED0235,2026-03-23,5766.81
PAGO002063,CRED0235,2026-04-19,4378.65
PAGO002064,CRED0235,2026-05-18,4337.83
PAGO002065,CRED0235,2026-06-24,4806.22
PAGO002066,CRED0235,2026-07-26,5697.42
PAGO002067,CRED0235,2026-09-03,5466.18
PAGO002068,CRED0235,2026-10-02,5258.61
PAGO002069,CRED0235,2026-11-01,4221.82
PAGO002070,CRED0235,2026-12-07,5952.94
PAGO002071,CRED0235,2027-01-11,5961.0
PAGO002072,CRED0235,2027-02-19,6191.47
PAGO002073,CRED0235,2027-03-24,2687.32
PAGO002074,CRED0236,2025-06-07,26922.86
PAGO002075,CRED0236,2025-07-07,25857.05
PAGO002076,CRED0236,2025-08-15,26258.43
PAGO002077,CRED0236,2025-09-22,25184.68
PAGO002078,CRED0236,2025-10-26,20529.69
PAGO002079,CRED0237,2023-08-21,14291.07
PAGO002080,CRED0237,2023-09-29,11759.48
PAGO002081,CRED0237,2023-11-06,11514.59
PAGO002082,CRED0237,2023-12-10,10244.56
PAGO002083,CRED0237,2024-01-08,11943.0
PAGO002084,CRED0237,2024-02-17,12917.31
PAGO002085,CRED0237,2024-03-28,15015.89
PAGO002086,CRED0237,2024-05-07,11717.41
PAGO002087,CRED0237,2024-06-14,14256.72
PAGO002088,CRED0237,2024-07-16,13724.66
PAGO002089,CRED0238,2023-04-08,7939.04
PAGO002090,CRED0238,2023-05-16,7883.13
PAGO002091,CRED0238,2023-06-15,8937.13
PAGO002092,CRED0238,2023-07-22,9310.72
PAGO002093,CRED0238,2023-08-23,7449.36
PAGO002094,CRED0238,2023-09-30,8642.14
PAGO002095,CRED0238,2023-11-02,7520.78
PAGO002096,CRED0238,2023-12-05,7942.89
PAGO002097,CRED0238,2024-01-01,7184.13
PAGO002098,CRED0238,2024-02-04,6946.95
PAGO002099,CRED0238,2024-03-14,10769.24
PAGO002100,CRED0239,2025-02-11,2874.57
PAGO002101,CRED0239,2025-03-18,2329.41
PAGO002102,CRED0239,2025-04-13,3425.62
PAGO002103,CRED0239,2025-05-08,2521.52
PAGO002104,CRED0239,2025-06-05,2632.46
PAGO002105,CRED0239,2025-07-04,3132.03
PAGO002106,CRED0239,2025-07-29,3270.98
PAGO002107,CRED0240,2025-02-03,1953.5
PAGO002108,CRED0240,2025-03-10,1896.05
PAGO002109,CRED0240,2025-04-19,2348.65
PAGO002110,CRED0240,2025-05-28,1635.94
PAGO002111,CRED0241,2025-08-19,1912.49
PAGO002112,CRED0241,2025-09-17,1429.58
PAGO002113,CRED0241,2025-10-24,1440.25
PAGO002114,CRED0241,2025-12-03,1516.89
PAGO002115,CRED0241,2026-01-05,1958.86
PAGO002116,CRED0241,2026-01-30,1475.42
PAGO002117,CRED0241,2026-03-03,1658.17
PAGO002118,CRED0241,2026-04-11,1562.47
PAGO002119,CRED0241,2026-05-07,1529.11
PAGO002120,CRED0241,2026-06-04,1752.97
PAGO002121,CRED0241,2026-07-05,1719.38
PAGO002122,CRED0241,2026-08-08,2041.58
PAGO002123,CRED0241,2026-09-07,1828.08
PAGO002124,CRED0241,2026-10-03,1908.43
PAGO002125,CRED0241,2026-10-31,1566.75
PAGO002126,CRED0241,2026-12-04,2511.92
PAGO002127,CRED0242,2023-03-15,1944.36
PAGO002128,CRED0242,2023-04-15,2018.79
PAGO002129,CRED0242,2023-05-17,1787.69
PAGO002130,CRED0242,2023-06-21,1368.19
PAGO002131,CRED0242,2023-07-24,1754.95
PAGO002132,CRED0242,2023-08-30,1893.77
PAGO002133,CRED0242,2023-09-24,2015.77
PAGO002134,CRED0242,2023-11-03,796.05
PAGO002135,CRED0243,2024-03-26,1249.1
PAGO002136,CRED0243,2024-05-05,1161.71
PAGO002137,CRED0243,2024-06-09,1628.0
PAGO002138,CRED0243,2024-07-05,1144.14
PAGO002139,CRED0243,2024-08-03,1500.5
PAGO002140,CRED0243,2024-08-31,1180.83
PAGO002141,CRED0243,2024-10-02,1286.88
PAGO002142,CRED0243,2024-11-07,1558.38
PAGO002143,CRED0243,2024-12-16,1518.2
PAGO002144,CRED0243,2025-01-10,1493.79
PAGO002145,CRED0243,2025-02-15,1513.32
PAGO002146,CRED0243,2025-03-20,1610.12
PAGO002147,CRED0243,2025-04-29,1503.45
PAGO002148,CRED0243,2025-06-02,1412.41
PAGO002149,CRED0243,2025-07-12,1216.35
PAGO002150,CRED0243,2025-08-11,1412.9
PAGO002151,CRED0243,2025-09-15,1217.35
PAGO002152,CRED0244,2024-04-17,23770.49
PAGO002153,CRED0244,2024-05-17,18924.3
PAGO002154,CRED0244,2024-06-15,22404.86
PAGO002155,CRED0244,2024-07-18,23248.42
PAGO002156,CRED0244,2024-08-26,18300.86
PAGO002157,CRED0244,2024-10-02,25005.15
PAGO002158,CRED0244,2024-10-27,28420.86
PAGO002159,CRED0245,2023-02-05,2955.06
PAGO002160,CRED0245,2023-03-14,2378.24
PAGO002161,CRED0245,2023-04-23,3003.64
PAGO002162,CRED0245,2023-05-22,2837.81
PAGO002163,CRED0245,2023-06-26,2617.09
PAGO002164,CRED0245,2023-07-31,2292.0
PAGO002165,CRED0245,2023-08-27,2219.58
PAGO002166,CRED0245,2023-09-25,2366.04
PAGO002167,CRED0245,2023-10-21,2391.5
PAGO002168,CRED0245,2023-11-30,2380.14
PAGO002169,CRED0245,2023-12-26,2792.17
PAGO002170,CRED0245,2024-02-01,4347.3
PAGO002171,CRED0246,2024-06-27,10219.07
PAGO002172,CRED0246,2024-07-23,9335.57
PAGO002173,CRED0246,2024-08-19,7941.88
PAGO002174,CRED0246,2024-09-19,10477.27
PAGO002175,CRED0246,2024-10-16,9736.81
PAGO002176,CRED0246,2024-11-11,9314.15
PAGO002177,CRED0246,2024-12-19,11133.25
PAGO002178,CRED0246,2025-01-14,11139.63
PAGO002179,CRED0246,2025-02-16,9977.31
PAGO002180,CRED0246,2025-03-15,11182.29
PAGO002181,CRED0246,2025-04-11,11616.84
PAGO002182,CRED0246,2025-05-09,8289.6
PAGO002183,CRED0246,2025-06-10,9987.72
PAGO002184,CRED0246,2025-07-11,8652.14
PAGO002185,CRED0246,2025-08-12,10139.09
PAGO002186,CRED0246,2025-09-11,10093.31
PAGO002187,CRED0246,2025-10-19,10833.75
PAGO002188,CRED0246,2025-11-24,10551.21
PAGO002189,CRED0246,2026-01-01,11373.11
PAGO002190,CRED0246,2026-01-31,11016.62
PAGO002191,CRED0246,2026-03-09,9881.33
PAGO002192,CRED0246,2026-04-08,4090.05
PAGO002193,CRED0247,2023-10-27,1696.67
PAGO002194,CRED0247,2023-12-01,1892.79
PAGO002195,CRED0247,2024-01-08,1400.58
PAGO002196,CRED0248,2024-11-24,707.43
PAGO002197,CRED0248,2024-12-25,655.52
PAGO002198,CRED0248,2025-01-27,651.37
PAGO002199,CRED0248,2025-03-07,675.51
PAGO002200,CRED0248,2025-04-13,552.06
PAGO002201,CRED0248,2025-05-09,823.3
PAGO002202,CRED0248,2025-06-03,694.86
PAGO002203,CRED0248,2025-07-07,759.98
PAGO002204,CRED0249,2026-01-12,3488.3
PAGO002205,CRED0249,2026-02-16,3184.14
PAGO002206,CRED0249,2026-03-21,4597.54
PAGO002207,CRED0249,2026-04-19,3298.46
PAGO002208,CRED0249,2026-05-28,3710.11
PAGO002209,CRED0249,2026-06-26,3567.31
PAGO002210,CRED0249,2026-07-28,5716.27
PAGO002211,CRED0250,2025-12-17,9898.99
PAGO002212,CRED0250,2026-01-23,12156.93
PAGO002213,CRED0250,2026-02-23,12938.67
PAGO002214,CRED0250,2026-03-30,13216.15
PAGO002215,CRED0250,2026-04-29,11774.64
PAGO002216,CRED0250,2026-05-27,12280.75
PAGO002217,CRED0250,2026-06-30,9640.94
PAGO002218,CRED0250,2026-08-06,9835.45
PAGO002219,CRED0250,2026-09-01,13826.43
PAGO002220,CRED0250,2026-10-06,11110.52
PAGO002221,CRED0250,2026-11-13,11435.09
PAGO002222,CRED0250,2026-12-11,13579.96
PAGO002223,CRED0250,2027-01-12,13002.14
PAGO002224,CRED0250,2027-02-06,10924.97
PAGO002225,CRED0251,2023-04-29,62979.77
PAGO002226,CRED0252,2024-10-09,7661.88
PAGO002227,CRED0252,2024-11-10,7674.77
PAGO002228,CRED0252,2024-12-17,10589.86
PAGO002229,CRED0252,2025-01-13,7920.31
PAGO002230,CRED0252,2025-02-16,9931.62
PAGO002231,CRED0252,2025-03-17,7599.89
PAGO002232,CRED0252,2025-04-13,8824.84
PAGO002233,CRED0252,2025-05-09,11084.05
PAGO002234,CRED0253,2025-05-02,5716.99
PAGO002235,CRED0253,2025-05-31,6311.6
PAGO002236,CRED0253,2025-07-10,5848.32
PAGO002237,CRED0253,2025-08-19,5473.61
PAGO002238,CRED0253,2025-09-19,5852.6
PAGO002239,CRED0253,2025-10-21,5123.98
PAGO002240,CRED0253,2025-11-23,5662.67
PAGO002241,CRED0254,2023-06-30,15789.98
PAGO002242,CRED0254,2023-07-28,16376.77
PAGO002243,CRED0254,2023-09-04,14498.16
PAGO002244,CRED0254,2023-10-05,14225.22
PAGO002245,CRED0254,2023-10-30,16977.06
PAGO002246,CRED0254,2023-11-29,18313.14
PAGO002247,CRED0254,2024-01-07,16079.08
PAGO002248,CRED0254,2024-02-15,12534.3
PAGO002249,CRED0254,2024-03-18,13483.21
PAGO002250,CRED0254,2024-04-23,13215.38
PAGO002251,CRED0254,2024-05-20,12948.01
PAGO002252,CRED0254,2024-06-15,13749.01
PAGO002253,CRED0254,2024-07-14,17584.33
PAGO002254,CRED0254,2024-08-17,12343.4
PAGO002255,CRED0254,2024-09-14,14129.47
PAGO002256,CRED0254,2024-10-24,22937.81
PAGO002257,CRED0255,2023-10-16,4749.22
PAGO002258,CRED0255,2023-11-16,4764.98
PAGO002259,CRED0255,2023-12-19,4769.42
PAGO002260,CRED0255,2024-01-17,5043.13
PAGO002261,CRED0255,2024-02-11,4447.21
PAGO002262,CRED0255,2024-03-08,4220.5
PAGO002263,CRED0255,2024-04-03,4273.94
PAGO002264,CRED0255,2024-05-06,3841.82
PAGO002265,CRED0255,2024-05-31,3867.1
PAGO002266,CRED0255,2024-07-03,4983.08
PAGO002267,CRED0255,2024-08-08,5359.76
PAGO002268,CRED0255,2024-09-02,4289.81
PAGO002269,CRED0255,2024-10-09,4175.06
PAGO002270,CRED0255,2024-11-15,4694.09
PAGO002271,CRED0255,2024-12-13,5433.85
PAGO002272,CRED0255,2025-01-22,5936.7
PAGO002273,CRED0256,2025-03-21,15320.49
PAGO002274,CRED0256,2025-04-15,10533.27
PAGO002275,CRED0256,2025-05-19,12050.54
PAGO002276,CRED0256,2025-06-25,14172.02
PAGO002277,CRED0256,2025-07-20,12473.6
PAGO002278,CRED0257,2025-06-30,1704.63
PAGO002279,CRED0257,2025-08-02,2081.91
PAGO002280,CRED0257,2025-09-04,2131.36
PAGO002281,CRED0257,2025-09-29,2179.82
PAGO002282,CRED0257,2025-11-01,1647.81
PAGO002283,CRED0257,2025-12-06,2145.05
PAGO002284,CRED0257,2026-01-04,1545.79
PAGO002285,CRED0257,2026-02-10,1371.51
PAGO002286,CRED0258,2024-04-15,4733.37
PAGO002287,CRED0258,2024-05-19,6397.8
PAGO002288,CRED0258,2024-06-23,5385.13
PAGO002289,CRED0258,2024-07-22,4852.12
PAGO002290,CRED0258,2024-08-20,5675.06
PAGO002291,CRED0258,2024-09-20,6294.14
PAGO002292,CRED0258,2024-10-24,5911.43
PAGO002293,CRED0258,2024-11-22,5343.12
PAGO002294,CRED0258,2024-12-21,4879.87
PAGO002295,CRED0259,2025-08-16,4631.63
PAGO002296,CRED0259,2025-09-13,3993.78
PAGO002297,CRED0259,2025-10-12,4986.58
PAGO002298,CRED0259,2025-11-16,5266.44
PAGO002299,CRED0259,2025-12-24,5414.67
PAGO002300,CRED0259,2026-01-27,4467.14
PAGO002301,CRED0259,2026-03-01,3934.94
PAGO002302,CRED0259,2026-04-01,3875.65
PAGO002303,CRED0261,2023-06-17,1528.05
PAGO002304,CRED0261,2023-07-19,1522.63
PAGO002305,CRED0261,2023-08-20,1576.0
PAGO002306,CRED0261,2023-09-25,1219.5
PAGO002307,CRED0261,2023-11-04,1251.53
PAGO002308,CRED0261,2023-12-14,1590.45
PAGO002309,CRED0261,2024-01-19,1280.79
PAGO002310,CRED0261,2024-02-25,1461.1
PAGO002311,CRED0261,2024-03-25,1268.94
PAGO002312,CRED0261,2024-04-26,1191.79
PAGO002313,CRED0261,2024-05-21,1715.61
PAGO002314,CRED0261,2024-06-28,1987.01
PAGO002315,CRED0262,2025-03-04,20366.85
PAGO002316,CRED0262,2025-04-12,28262.6
PAGO002317,CRED0262,2025-05-22,26495.49
PAGO002318,CRED0262,2025-06-30,28464.27
PAGO002319,CRED0262,2025-08-07,23705.87
PAGO002320,CRED0262,2025-09-02,20566.79
PAGO002321,CRED0263,2024-12-06,13195.44
PAGO002322,CRED0263,2025-01-01,11316.6
PAGO002323,CRED0263,2025-02-09,11030.4
PAGO002324,CRED0263,2025-03-07,12919.96
PAGO002325,CRED0263,2025-04-08,11307.87
PAGO002326,CRED0263,2025-05-15,13396.09
PAGO002327,CRED0263,2025-06-10,11482.95
PAGO002328,CRED0263,2025-07-06,5141.88
PAGO002329,CRED0264,2025-06-15,19924.09
PAGO002330,CRED0264,2025-07-19,17001.85
PAGO002331,CRED0264,2025-08-26,15848.79
PAGO002332,CRED0264,2025-09-21,18580.95
PAGO002333,CRED0264,2025-10-20,17017.27
PAGO002334,CRED0264,2025-11-28,14439.8
PAGO002335,CRED0264,2025-12-26,18069.17
PAGO002336,CRED0265,2024-10-31,4558.05
PAGO002337,CRED0265,2024-11-29,4045.72
PAGO002338,CRED0265,2025-01-03,4143.47
PAGO002339,CRED0265,2025-02-02,4148.19
PAGO002340,CRED0265,2025-03-05,4873.24
PAGO002341,CRED0265,2025-04-01,3803.99
PAGO002342,CRED0265,2025-05-01,4595.68
PAGO002343,CRED0265,2025-05-29,3535.37
PAGO002344,CRED0265,2025-07-07,4453.16
PAGO002345,CRED0265,2025-08-03,4266.77
PAGO002346,CRED0265,2025-09-09,4610.05
PAGO002347,CRED0265,2025-10-09,4021.39
PAGO002348,CRED0265,2025-11-15,3455.43
PAGO002349,CRED0265,2025-12-15,4923.45
PAGO002350,CRED0265,2026-01-13,3655.29
PAGO002351,CRED0265,2026-02-11,3683.59
PAGO002352,CRED0265,2026-03-09,4090.54
PAGO002353,CRED0265,2026-04-12,4615.61
PAGO002354,CRED0265,2026-05-21,3869.41
PAGO002355,CRED0265,2026-06-20,3579.94
PAGO002356,CRED0265,2026-07-19,5004.91
PAGO002357,CRED0265,2026-08-13,4433.7
PAGO002358,CRED0265,2026-09-15,3401.84
PAGO002359,CRED0265,2026-10-25,5667.21
PAGO002360,CRED0266,2025-10-14,4256.85
PAGO002361,CRED0266,2025-11-23,3652.75
PAGO002362,CRED0266,2026-01-02,4005.08
PAGO002363,CRED0266,2026-02-10,3394.08
PAGO002364,CRED0266,2026-03-07,3663.91
PAGO002365,CRED0266,2026-04-09,4276.08
PAGO002366,CRED0266,2026-05-10,3344.32
PAGO002367,CRED0266,2026-06-08,3354.35
PAGO002368,CRED0266,2026-07-14,3324.41
PAGO002369,CRED0266,2026-08-09,4353.17
PAGO002370,CRED0266,2026-09-12,7261.54
PAGO002371,CRED0267,2025-02-21,4052.32
PAGO002372,CRED0267,2025-03-23,3623.74
PAGO002373,CRED0267,2025-04-26,4377.8
PAGO002374,CRED0267,2025-05-26,4973.34
PAGO002375,CRED0267,2025-07-01,4914.97
PAGO002376,CRED0267,2025-07-28,4641.74
PAGO002377,CRED0267,2025-09-01,3971.19
PAGO002378,CRED0267,2025-10-08,2977.28
PAGO002379,CRED0268,2023-03-25,18267.81
PAGO002380,CRED0268,2023-05-04,18883.72
PAGO002381,CRED0268,2023-06-06,20605.84
PAGO002382,CRED0268,2023-07-14,30709.78
PAGO002383,CRED0269,2023-03-31,2035.08
PAGO002384,CRED0269,2023-04-27,2455.79
PAGO002385,CRED0269,2023-05-31,2399.81
PAGO002386,CRED0269,2023-07-05,2234.3
PAGO002387,CRED0269,2023-08-10,2894.25
PAGO002388,CRED0269,2023-09-19,2812.41
PAGO002389,CRED0270,2025-01-18,535.94
PAGO002390,CRED0270,2025-02-19,503.4
PAGO002391,CRED0270,2025-03-22,372.0
PAGO002392,CRED0270,2025-04-16,458.11
PAGO002393,CRED0270,2025-05-14,508.77
PAGO002394,CRED0270,2025-06-14,520.31
PAGO002395,CRED0270,2025-07-22,448.66
PAGO002396,CRED0270,2025-08-26,436.69
PAGO002397,CRED0270,2025-09-26,373.81
PAGO002398,CRED0270,2025-10-27,488.65
PAGO002399,CRED0271,2025-04-30,1576.9
PAGO002400,CRED0271,2025-06-04,1890.71
PAGO002401,CRED0271,2025-07-02,1835.23
PAGO002402,CRED0271,2025-08-06,1637.22
PAGO002403,CRED0271,2025-08-31,1935.13
PAGO002404,CRED0271,2025-10-01,1592.44
PAGO002405,CRED0271,2025-11-05,1996.79
PAGO002406,CRED0271,2025-12-15,1992.61
PAGO002407,CRED0271,2026-01-10,1807.77
PAGO002408,CRED0271,2026-02-19,1472.77
PAGO002409,CRED0271,2026-03-30,1976.14
PAGO002410,CRED0271,2026-05-04,1682.6
PAGO002411,CRED0271,2026-06-11,2000.55
PAGO002412,CRED0271,2026-07-07,518.58
PAGO002413,CRED0272,2023-08-06,10256.59
PAGO002414,CRED0272,2023-08-31,9781.57
PAGO002415,CRED0272,2023-10-05,12400.63
PAGO002416,CRED0272,2023-11-10,9152.36
PAGO002417,CRED0272,2023-12-09,10101.37
PAGO002418,CRED0272,2024-01-03,10361.35
PAGO002419,CRED0272,2024-02-09,11634.21
PAGO002420,CRED0272,2024-03-10,11388.25
PAGO002421,CRED0272,2024-04-16,9689.06
PAGO002422,CRED0272,2024-05-14,12688.81
PAGO002423,CRED0272,2024-06-17,11983.06
PAGO002424,CRED0272,2024-07-22,13448.69
PAGO002425,CRED0273,2024-12-29,3272.18
PAGO002426,CRED0273,2025-01-30,3107.76
PAGO002427,CRED0273,2025-03-05,2904.06
PAGO002428,CRED0273,2025-04-08,2850.17
PAGO002429,CRED0273,2025-05-14,3649.43
PAGO002430,CRED0273,2025-06-14,3817.7
PAGO002431,CRED0273,2025-07-23,3283.89
PAGO002432,CRED0273,2025-09-01,3806.7
PAGO002433,CRED0273,2025-09-30,2870.09
PAGO002434,CRED0273,2025-11-09,3580.63
PAGO002435,CRED0273,2025-12-13,3637.1
PAGO002436,CRED0273,2026-01-11,3629.17
PAGO002437,CRED0273,2026-02-08,3698.17
PAGO002438,CRED0273,2026-03-09,1757.48
PAGO002439,CRED0274,2023-07-23,45337.65
PAGO002440,CRED0274,2023-08-20,33482.84
PAGO002441,CRED0274,2023-09-15,46482.66
PAGO002442,CRED0275,2023-05-12,9914.86
PAGO002443,CRED0275,2023-06-15,9800.22
PAGO002444,CRED0275,2023-07-19,12786.93
PAGO002445,CRED0275,2023-08-19,11246.16
PAGO002446,CRED0275,2023-09-19,11079.89
PAGO002447,CRED0275,2023-10-24,13435.94
PAGO002448,CRED0275,2023-11-21,11012.47
PAGO002449,CRED0275,2023-12-21,17636.4
PAGO002450,CRED0276,2025-10-21,13244.41
PAGO002451,CRED0276,2025-11-18,11141.99
PAGO002452,CRED0276,2025-12-24,12872.88
PAGO002453,CRED0276,2026-01-26,13235.15
PAGO002454,CRED0277,2023-09-21,6954.66
PAGO002455,CRED0277,2023-10-25,8370.37
PAGO002456,CRED0277,2023-11-29,8137.55
PAGO002457,CRED0277,2023-12-25,6822.7
PAGO002458,CRED0277,2024-02-03,9299.34
PAGO002459,CRED0277,2024-02-29,6745.35
PAGO002460,CRED0277,2024-03-26,9723.1
PAGO002461,CRED0278,2025-10-23,8533.26
PAGO002462,CRED0278,2025-12-01,8254.48
PAGO002463,CRED0278,2026-01-04,7358.51
PAGO002464,CRED0278,2026-02-04,8559.2
PAGO002465,CRED0278,2026-03-03,9381.97
PAGO002466,CRED0278,2026-04-11,8101.38
PAGO002467,CRED0278,2026-05-08,8874.55
PAGO002468,CRED0278,2026-06-16,6616.87
PAGO002469,CRED0278,2026-07-20,5307.29
PAGO002470,CRED0279,2023-05-23,487.6
PAGO002471,CRED0280,2024-07-07,12369.51
PAGO002472,CRED0280,2024-08-12,11306.64
PAGO002473,CRED0280,2024-09-16,13181.73
PAGO002474,CRED0280,2024-10-21,11595.95
PAGO002475,CRED0280,2024-11-15,10629.98
PAGO002476,CRED0281,2024-01-25,1763.88
PAGO002477,CRED0281,2024-02-24,1624.12
PAGO002478,CRED0281,2024-03-31,1853.39
PAGO002479,CRED0281,2024-04-29,1784.73
PAGO002480,CRED0281,2024-06-05,2005.05
PAGO002481,CRED0281,2024-07-03,1655.15
PAGO002482,CRED0281,2024-07-30,1987.17
PAGO002483,CRED0281,2024-09-07,1708.49
PAGO002484,CRED0281,2024-10-15,1593.03
PAGO002485,CRED0281,2024-11-16,1813.19
PAGO002486,CRED0281,2024-12-26,1696.39
PAGO002487,CRED0281,2025-01-30,1571.44
PAGO002488,CRED0281,2025-03-09,1981.4
PAGO002489,CRED0281,2025-04-16,1826.9
PAGO002490,CRED0281,2025-05-21,1810.76
PAGO002491,CRED0281,2025-06-22,1546.43
PAGO002492,CRED0281,2025-07-19,1949.41
PAGO002493,CRED0281,2025-08-28,1504.61
PAGO002494,CRED0281,2025-10-06,1654.8
PAGO002495,CRED0281,2025-11-03,2008.23
PAGO002496,CRED0281,2025-12-03,2021.92
PAGO002497,CRED0282,2025-01-25,1071.51
PAGO002498,CRED0282,2025-03-03,1182.61
PAGO002499,CRED0282,2025-03-29,1062.25
PAGO002500,CRED0282,2025-04-27,1467.09
PAGO002501,CRED0282,2025-05-22,1400.94
PAGO002502,CRED0282,2025-06-20,1246.42
PAGO002503,CRED0282,2025-07-24,1214.41
PAGO002504,CRED0282,2025-09-01,1115.67
PAGO002505,CRED0282,2025-10-06,1168.55
PAGO002506,CRED0282,2025-11-09,1482.96
PAGO002507,CRED0282,2025-12-17,1380.98
PAGO002508,CRED0282,2026-01-22,1519.44
PAGO002509,CRED0282,2026-02-16,1326.96
PAGO002510,CRED0282,2026-03-25,1446.96
PAGO002511,CRED0282,2026-04-28,1047.96
PAGO002512,CRED0282,2026-05-24,1016.68
PAGO002513,CRED0282,2026-06-29,1071.99
PAGO002514,CRED0282,2026-08-02,1642.24
PAGO002515,CRED0283,2023-03-10,24233.54
PAGO002516,CRED0283,2023-04-14,22546.4
PAGO002517,CRED0284,2025-06-28,8680.19
PAGO002518,CRED0284,2025-07-28,8440.61
PAGO002519,CRED0284,2025-08-28,8715.32
PAGO002520,CRED0284,2025-10-03,9685.76
PAGO002521,CRED0284,2025-11-01,7804.88
PAGO002522,CRED0284,2025-11-30,7279.0
PAGO002523,CRED0284,2025-12-27,9032.39
PAGO002524,CRED0284,2026-01-25,9281.19
PAGO002525,CRED0284,2026-03-06,9064.92
PAGO002526,CRED0284,2026-04-04,7109.79
PAGO002527,CRED0284,2026-05-12,9754.62
PAGO002528,CRED0284,2026-06-19,8946.65
PAGO002529,CRED0284,2026-07-28,8558.42
PAGO002530,CRED0284,2026-09-05,8133.13
PAGO002531,CRED0284,2026-10-07,7454.69
PAGO002532,CRED0284,2026-11-01,8792.12
PAGO002533,CRED0284,2026-12-03,9249.78
PAGO002534,CRED0284,2027-01-05,7490.09
PAGO002535,CRED0285,2023-09-23,4835.28
PAGO002536,CRED0285,2023-10-19,6106.69
PAGO002537,CRED0285,2023-11-24,5024.8
PAGO002538,CRED0285,2024-01-03,7042.59
PAGO002539,CRED0285,2024-01-30,5093.58
PAGO002540,CRED0285,2024-03-03,5861.27
PAGO002541,CRED0285,2024-03-30,6000.18
PAGO002542,CRED0285,2024-04-26,5338.84
PAGO002543,CRED0285,2024-05-23,6382.34
PAGO002544,CRED0285,2024-06-26,6213.43
PAGO002545,CRED0285,2024-07-31,7492.07
PAGO002546,CRED0286,2025-08-30,13668.09
PAGO002547,CRED0286,2025-10-04,11386.8
PAGO002548,CRED0286,2025-11-07,10766.87
PAGO002549,CRED0286,2025-12-03,12675.67
PAGO002550,CRED0286,2026-01-06,12825.8
PAGO002551,CRED0286,2026-02-08,9695.49
PAGO002552,CRED0286,2026-03-20,12125.81
PAGO002553,CRED0286,2026-04-15,12493.51
PAGO002554,CRED0286,2026-05-19,13211.12
PAGO002555,CRED0286,2026-06-13,8733.69
PAGO002556,CRED0287,2023-09-04,2352.51
PAGO002557,CRED0287,2023-10-07,2114.46
PAGO002558,CRED0287,2023-11-09,2136.21
PAGO002559,CRED0287,2023-12-12,1891.14
PAGO002560,CRED0287,2024-01-09,2444.73
PAGO002561,CRED0287,2024-02-07,2496.69
PAGO002562,CRED0287,2024-03-14,2636.29
PAGO002563,CRED0287,2024-04-16,2612.52
PAGO002564,CRED0287,2024-05-18,2333.09
PAGO002565,CRED0287,2024-06-13,2454.91
PAGO002566,CRED0288,2025-04-20,47434.62
PAGO002567,CRED0288,2025-05-19,51858.55
PAGO002568,CRED0288,2025-06-26,50629.6
PAGO002569,CRED0288,2025-07-28,32831.3
PAGO002570,CRED0289,2024-01-10,2219.13
PAGO002571,CRED0289,2024-02-15,1667.23
PAGO002572,CRED0289,2024-03-19,2236.27
PAGO002573,CRED0289,2024-04-16,1665.77
PAGO002574,CRED0289,2024-05-25,2356.23
PAGO002575,CRED0290,2024-03-03,12004.26
PAGO002576,CRED0290,2024-04-04,10402.84
PAGO002577,CRED0290,2024-05-11,10817.19
PAGO002578,CRED0290,2024-06-09,11061.34
PAGO002579,CRED0290,2024-07-17,8794.47
PAGO002580,CRED0290,2024-08-25,10412.47
PAGO002581,CRED0290,2024-09-29,12946.77
PAGO002582,CRED0290,2024-10-25,9168.22
PAGO002583,CRED0290,2024-11-30,12922.38
PAGO002584,CRED0290,2025-01-07,10752.71
PAGO002585,CRED0291,2023-11-29,4081.3
PAGO002586,CRED0291,2024-01-01,3865.8
PAGO002587,CRED0291,2024-02-07,3584.37
PAGO002588,CRED0291,2024-03-10,3982.26
PAGO002589,CRED0291,2024-04-10,3670.07
PAGO002590,CRED0291,2024-05-10,3369.05
PAGO002591,CRED0291,2024-06-04,3892.68
PAGO002592,CRED0291,2024-07-01,2682.54
PAGO002593,CRED0292,2023-12-10,6663.75
PAGO002594,CRED0292,2024-01-18,7448.0
PAGO002595,CRED0292,2024-02-21,7132.48
PAGO002596,CRED0292,2024-03-18,6409.71
PAGO002597,CRED0292,2024-04-14,6514.8
PAGO002598,CRED0292,2024-05-15,9345.14
PAGO002599,CRED0292,2024-06-12,8577.34
PAGO002600,CRED0292,2024-07-10,6608.25
PAGO002601,CRED0292,2024-08-08,12565.23
PAGO002602,CRED0293,2025-11-07,11300.01
PAGO002603,CRED0293,2025-12-07,12358.76
PAGO002604,CRED0293,2026-01-06,9616.17
PAGO002605,CRED0293,2026-02-14,11353.66
PAGO002606,CRED0293,2026-03-13,11261.06
PAGO002607,CRED0293,2026-04-15,8123.22
PAGO002608,CRED0294,2024-11-22,13800.93
PAGO002609,CRED0294,2024-12-25,13782.94
PAGO002610,CRED0294,2025-01-31,11854.71
PAGO002611,CRED0294,2025-02-26,11207.77
PAGO002612,CRED0294,2025-03-31,10809.19
PAGO002613,CRED0294,2025-04-27,12366.56
PAGO002614,CRED0294,2025-05-28,12955.08
PAGO002615,CRED0294,2025-06-27,12483.97
PAGO002616,CRED0295,2023-06-19,13173.39
PAGO002617,CRED0295,2023-07-20,12437.14
PAGO002618,CRED0295,2023-08-17,13858.07
PAGO002619,CRED0295,2023-09-19,8110.98
PAGO002620,CRED0296,2023-05-26,11219.2
PAGO002621,CRED0296,2023-06-28,12117.54
PAGO002622,CRED0296,2023-07-23,9387.0
PAGO002623,CRED0297,2023-04-18,1996.73
PAGO002624,CRED0297,2023-05-14,2659.1
PAGO002625,CRED0297,2023-06-16,2147.16
PAGO002626,CRED0297,2023-07-21,2898.61
PAGO002627,CRED0297,2023-08-15,2772.55
PAGO002628,CRED0298,2023-08-03,9795.67
PAGO002629,CRED0298,2023-08-30,8748.89
PAGO002630,CRED0298,2023-09-24,8212.6
PAGO002631,CRED0298,2023-11-03,7306.0
PAGO002632,CRED0298,2023-12-09,8037.0
PAGO002633,CRED0298,2024-01-12,8268.37
PAGO002634,CRED0298,2024-02-08,8146.92
PAGO002635,CRED0298,2024-03-14,7165.66
PAGO002636,CRED0298,2024-04-22,9507.75
PAGO002637,CRED0298,2024-05-26,10917.89
PAGO002638,CRED0299,2023-04-25,13333.68
PAGO002639,CRED0299,2023-05-26,10329.32
PAGO002640,CRED0299,2023-07-02,13014.43
PAGO002641,CRED0299,2023-08-07,11172.4
PAGO002642,CRED0299,2023-09-15,12290.41
PAGO002643,CRED0299,2023-10-14,9146.83
PAGO002644,CRED0299,2023-11-08,12220.38
PAGO002645,CRED0299,2023-12-10,11184.66
PAGO002646,CRED0299,2024-01-06,12548.38
PAGO002647,CRED0299,2024-02-09,11231.62
PAGO002648,CRED0299,2024-03-19,7091.36
PAGO002649,CRED0300,2024-11-19,23948.39
PAGO002650,CRED0300,2024-12-15,24642.85
PAGO002651,CRED0300,2025-01-15,28241.34
PAGO002652,CRED0301,2025-08-10,2978.08
PAGO002653,CRED0301,2025-09-11,3433.91
PAGO002654,CRED0301,2025-10-07,3211.6
PAGO002655,CRED0301,2025-11-16,3115.76
PAGO002656,CRED0301,2025-12-26,3413.2
PAGO002657,CRED0301,2026-01-21,1458.36
PAGO002658,CRED0302,2025-11-29,11281.67
PAGO002659,CRED0302,2026-01-02,12087.63
PAGO002660,CRED0302,2026-01-30,10525.42
PAGO002661,CRED0302,2026-03-01,12150.25
PAGO002662,CRED0302,2026-03-28,7520.92
PAGO002663,CRED0303,2025-07-18,21863.29
PAGO002664,CRED0303,2025-08-19,16114.17
PAGO002665,CRED0303,2025-09-19,18950.21
PAGO002666,CRED0303,2025-10-26,21178.52
PAGO002667,CRED0304,2024-09-01,21627.79
PAGO002668,CRED0304,2024-09-30,19492.04
PAGO002669,CRED0304,2024-10-31,23208.43
PAGO002670,CRED0304,2024-11-30,19631.63
PAGO002671,CRED0305,2023-05-18,16350.43
PAGO002672,CRED0305,2023-06-25,16555.18
PAGO002673,CRED0305,2023-07-31,19497.76
PAGO002674,CRED0305,2023-09-08,23956.37
PAGO002675,CRED0306,2023-08-12,3392.01
PAGO002676,CRED0306,2023-09-18,4486.66
PAGO002677,CRED0306,2023-10-13,4651.36
PAGO002678,CRED0306,2023-11-09,3240.79
PAGO002679,CRED0306,2023-12-09,4726.49
PAGO002680,CRED0306,2024-01-12,3902.84
PAGO002681,CRED0306,2024-02-21,4348.87
PAGO002682,CRED0306,2024-03-23,3461.66
PAGO002683,CRED0306,2024-04-25,4075.46
PAGO002684,CRED0306,2024-06-02,3616.99
PAGO002685,CRED0306,2024-07-02,4216.71
PAGO002686,CRED0306,2024-07-28,4338.14
PAGO002687,CRED0307,2023-12-04,3715.61
PAGO002688,CRED0307,2024-01-07,4177.98
PAGO002689,CRED0307,2024-02-01,4551.42
PAGO002690,CRED0307,2024-03-03,3768.08
PAGO002691,CRED0307,2024-03-31,4660.34
PAGO002692,CRED0307,2024-05-02,4385.05
PAGO002693,CRED0307,2024-06-02,4050.88
PAGO002694,CRED0307,2024-07-03,3759.49
PAGO002695,CRED0307,2024-08-01,4778.36
PAGO002696,CRED0307,2024-09-10,4444.3
PAGO002697,CRED0307,2024-10-10,4751.49
PAGO002698,CRED0307,2024-11-05,3655.12
PAGO002699,CRED0307,2024-12-11,4066.25
PAGO002700,CRED0307,2025-01-18,4006.31
PAGO002701,CRED0307,2025-02-26,3636.06
PAGO002702,CRED0307,2025-03-24,5204.76
PAGO002703,CRED0307,2025-04-23,3840.22
PAGO002704,CRED0307,2025-05-18,4422.14
PAGO002705,CRED0307,2025-06-15,3685.07
PAGO002706,CRED0307,2025-07-17,4842.71
PAGO002707,CRED0307,2025-08-21,9021.57
PAGO002708,CRED0308,2024-10-27,23033.12
PAGO002709,CRED0308,2024-11-28,22084.28
PAGO002710,CRED0308,2025-01-02,17703.99
PAGO002711,CRED0308,2025-02-03,21756.65
PAGO002712,CRED0308,2025-03-06,18878.15
PAGO002713,CRED0308,2025-04-07,15747.52
PAGO002714,CRED0309,2023-07-23,3399.96
PAGO002715,CRED0309,2023-08-30,3549.9
PAGO002716,CRED0309,2023-10-08,3604.72
PAGO002717,CRED0309,2023-11-13,3535.77
PAGO002718,CRED0309,2023-12-14,4356.03
PAGO002719,CRED0309,2024-01-16,3644.68
PAGO002720,CRED0309,2024-02-14,3363.14
PAGO002721,CRED0309,2024-03-11,3774.43
PAGO002722,CRED0309,2024-04-08,4719.52
PAGO002723,CRED0309,2024-05-17,4002.19
PAGO002724,CRED0309,2024-06-21,3673.88
PAGO002725,CRED0309,2024-07-25,4309.05
PAGO002726,CRED0309,2024-08-24,4266.82
PAGO002727,CRED0309,2024-09-25,3453.14
PAGO002728,CRED0309,2024-11-04,4736.97
PAGO002729,CRED0309,2024-12-05,4289.1
PAGO002730,CRED0309,2025-01-13,3772.05
PAGO002731,CRED0309,2025-02-20,4528.41
PAGO002732,CRED0309,2025-03-24,3720.19
PAGO002733,CRED0309,2025-05-01,4269.05
PAGO002734,CRED0309,2025-05-30,7919.11
PAGO002735,CRED0310,2023-10-19,53125.78
PAGO002736,CRED0311,2023-08-10,8510.6
PAGO002737,CRED0311,2023-09-17,8602.04
PAGO002738,CRED0311,2023-10-27,9548.84
PAGO002739,CRED0311,2023-11-24,8334.64
PAGO002740,CRED0311,2023-12-26,7079.4
PAGO002741,CRED0311,2024-01-20,9152.73
PAGO002742,CRED0311,2024-02-27,10025.37
PAGO002743,CRED0311,2024-03-27,8015.06
PAGO002744,CRED0311,2024-04-28,8998.03
PAGO002745,CRED0311,2024-05-25,6851.16
PAGO002746,CRED0311,2024-06-28,7346.9
PAGO002747,CRED0311,2024-08-06,9712.67
PAGO002748,CRED0311,2024-08-31,10115.39
PAGO002749,CRED0311,2024-10-09,9420.1
PAGO002750,CRED0311,2024-11-15,7425.56
PAGO002751,CRED0311,2024-12-21,8927.24
PAGO002752,CRED0311,2025-01-15,9721.03
PAGO002753,CRED0311,2025-02-11,8105.03
PAGO002754,CRED0311,2025-03-18,8601.35
PAGO002755,CRED0311,2025-04-21,8244.45
PAGO002756,CRED0311,2025-05-24,5684.09
PAGO002757,CRED0312,2025-02-11,12252.92
PAGO002758,CRED0312,2025-03-09,13192.17
PAGO002759,CRED0312,2025-04-14,15150.17
PAGO002760,CRED0312,2025-05-12,11864.18
PAGO002761,CRED0313,2024-02-28,3499.78
PAGO002762,CRED0313,2024-04-04,3730.25
PAGO002763,CRED0313,2024-05-01,4391.3
PAGO002764,CRED0313,2024-06-01,3667.04
PAGO002765,CRED0313,2024-07-06,3838.91
PAGO002766,CRED0313,2024-08-03,4542.69
PAGO002767,CRED0313,2024-09-03,4721.27
PAGO002768,CRED0313,2024-10-05,5905.67
PAGO002769,CRED0314,2023-08-26,25774.9
PAGO002770,CRED0314,2023-10-03,23443.83
PAGO002771,CRED0314,2023-10-30,27995.82
PAGO002772,CRED0315,2023-04-18,22683.06
PAGO002773,CRED0315,2023-05-16,22399.36
PAGO002774,CRED0315,2023-06-19,22927.32
PAGO002775,CRED0316,2025-03-12,3374.36
PAGO002776,CRED0316,2025-04-08,2762.23
PAGO002777,CRED0316,2025-05-17,2634.69
PAGO002778,CRED0316,2025-06-23,3657.91
PAGO002779,CRED0316,2025-07-27,3348.84
PAGO002780,CRED0317,2024-01-05,15671.77
PAGO002781,CRED0317,2024-02-03,18523.41
PAGO002782,CRED0317,2024-03-05,18704.15
PAGO002783,CRED0317,2024-03-30,21303.26
PAGO002784,CRED0318,2024-05-31,18142.9
PAGO002785,CRED0318,2024-06-29,17660.81
PAGO002786,CRED0318,2024-08-06,17446.33
PAGO002787,CRED0318,2024-08-31,18138.37
PAGO002788,CRED0320,2024-03-03,8126.69
PAGO002789,CRED0320,2024-04-07,7778.58
PAGO002790,CRED0320,2024-05-12,8565.79
PAGO002791,CRED0320,2024-06-16,8018.73
PAGO002792,CRED0320,2024-07-25,7927.96
PAGO002793,CRED0320,2024-08-23,9348.01
PAGO002794,CRED0320,2024-09-26,7004.64
PAGO002795,CRED0320,2024-10-29,7182.18
PAGO002796,CRED0320,2024-12-04,9581.66
PAGO002797,CRED0320,2024-12-30,6929.17
PAGO002798,CRED0320,2025-02-02,7921.25
PAGO002799,CRED0320,2025-03-04,8446.03
PAGO002800,CRED0320,2025-04-03,7993.58
PAGO002801,CRED0321,2025-09-02,36932.48
PAGO002802,CRED0321,2025-10-01,28112.43
PAGO002803,CRED0321,2025-10-29,26550.19
PAGO002804,CRED0321,2025-12-03,33488.02
PAGO002805,CRED0321,2026-01-11,37510.09
PAGO002806,CRED0322,2025-06-06,4441.82
PAGO002807,CRED0322,2025-07-02,4620.47
PAGO002808,CRED0322,2025-08-07,3938.22
PAGO002809,CRED0323,2024-06-26,2811.18
PAGO002810,CRED0323,2024-07-30,2004.36
PAGO002811,CRED0323,2024-08-24,2270.36
PAGO002812,CRED0324,2023-08-29,28641.58
PAGO002813,CRED0324,2023-10-03,20948.84
PAGO002814,CRED0324,2023-11-07,25721.39
PAGO002815,CRED0324,2023-12-11,21851.1
PAGO002816,CRED0325,2023-07-21,25325.8
PAGO002817,CRED0325,2023-08-19,25743.41
PAGO002818,CRED0325,2023-09-27,21505.3
PAGO002819,CRED0325,2023-10-25,25118.71
PAGO002820,CRED0325,2023-11-20,19673.0
PAGO002821,CRED0325,2023-12-18,21223.89
PAGO002822,CRED0325,2024-01-24,22330.56
PAGO002823,CRED0326,2023-11-28,23893.87
PAGO002824,CRED0327,2025-08-11,41885.07
PAGO002825,CRED0327,2025-09-12,53068.93
PAGO002826,CRED0327,2025-10-15,48151.51
PAGO002827,CRED0328,2025-04-21,17738.21
PAGO002828,CRED0328,2025-05-18,18524.99
PAGO002829,CRED0328,2025-06-24,10425.28
PAGO002830,CRED0329,2025-03-08,6087.7
PAGO002831,CRED0330,2024-12-17,14390.27
PAGO002832,CRED0330,2025-01-24,12555.26
PAGO002833,CRED0330,2025-03-01,10661.4
PAGO002834,CRED0330,2025-04-06,12458.43
PAGO002835,CRED0330,2025-05-15,15229.21
PAGO002836,CRED0330,2025-06-11,11739.65
PAGO002837,CRED0330,2025-07-20,14525.72
PAGO002838,CRED0330,2025-08-27,14408.15
PAGO002839,CRED0331,2023-11-11,12140.07
PAGO002840,CRED0331,2023-12-19,12142.76
PAGO002841,CRED0331,2024-01-26,9521.44
PAGO002842,CRED0331,2024-02-22,9539.56
PAGO002843,CRED0331,2024-03-27,11012.45
PAGO002844,CRED0331,2024-05-01,9194.57
PAGO002845,CRED0331,2024-06-07,14327.12
PAGO002846,CRED0332,2023-07-12,3630.93
PAGO002847,CRED0333,2026-01-15,4916.1
PAGO002848,CRED0333,2026-02-13,4391.24
PAGO002849,CRED0333,2026-03-22,4571.35
PAGO002850,CRED0333,2026-05-01,4077.71
PAGO002851,CRED0333,2026-06-04,5659.8
PAGO002852,CRED0333,2026-07-08,4979.95
PAGO002853,CRED0333,2026-08-16,4441.68
PAGO002854,CRED0333,2026-09-10,4300.92
PAGO002855,CRED0333,2026-10-14,7586.83
PAGO002856,CRED0334,2023-10-07,2286.69
PAGO002857,CRED0334,2023-11-14,1722.81
PAGO002858,CRED0334,2023-12-16,1603.5
PAGO002859,CRED0334,2024-01-18,1970.78
PAGO002860,CRED0334,2024-02-14,2054.44
PAGO002861,CRED0334,2024-03-21,2040.35
PAGO002862,CRED0334,2024-04-28,2267.45
PAGO002863,CRED0334,2024-06-07,2351.18
PAGO002864,CRED0334,2024-07-05,1489.23
PAGO002865,CRED0335,2025-08-24,1904.42
PAGO002866,CRED0335,2025-09-26,2815.24
PAGO002867,CRED0336,2023-03-05,4344.89
PAGO002868,CRED0336,2023-04-03,4415.51
PAGO002869,CRED0336,2023-04-29,4256.84
PAGO002870,CRED0336,2023-06-06,4937.84
PAGO002871,CRED0336,2023-07-12,3837.36
PAGO002872,CRED0336,2023-08-15,4738.11
PAGO002873,CRED0336,2023-09-11,4708.61
PAGO002874,CRED0336,2023-10-11,5178.42
PAGO002875,CRED0336,2023-11-10,4764.52
PAGO002876,CRED0336,2023-12-15,5294.8
PAGO002877,CRED0336,2024-01-18,4254.57
PAGO002878,CRED0336,2024-02-23,5460.21
PAGO002879,CRED0337,2024-09-18,7118.93
PAGO002880,CRED0337,2024-10-13,5388.28
PAGO002881,CRED0337,2024-11-16,5983.51
PAGO002882,CRED0337,2024-12-26,6081.8
PAGO002883,CRED0337,2025-01-25,5301.21
PAGO002884,CRED0337,2025-02-23,6312.23
PAGO002885,CRED0337,2025-03-26,7047.81
PAGO002886,CRED0337,2025-04-23,6095.29
PAGO002887,CRED0337,2025-05-20,5336.88
PAGO002888,CRED0337,2025-06-18,7371.32
PAGO002889,CRED0337,2025-07-28,7303.46
PAGO002890,CRED0338,2025-06-02,4268.84
PAGO002891,CRED0338,2025-07-11,5767.04
PAGO002892,CRED0338,2025-08-15,4335.09
PAGO002893,CRED0338,2025-09-18,4048.81
PAGO002894,CRED0338,2025-10-16,4435.17
PAGO002895,CRED0338,2025-11-14,5364.55
PAGO002896,CRED0338,2025-12-18,6705.36
PAGO002897,CRED0339,2023-06-18,14975.95
PAGO002898,CRED0339,2023-07-16,21048.08
PAGO002899,CRED0340,2023-03-13,27128.51
PAGO002900,CRED0340,2023-04-08,21609.18
PAGO002901,CRED0340,2023-05-04,25052.36
PAGO002902,CRED0341,2025-03-05,2315.97
PAGO002903,CRED0341,2025-04-01,2365.96
PAGO002904,CRED0341,2025-04-26,2831.52
PAGO002905,CRED0341,2025-05-24,3001.7
PAGO002906,CRED0341,2025-06-24,2659.91
PAGO002907,CRED0341,2025-07-25,2245.83
PAGO002908,CRED0341,2025-08-30,2085.96
PAGO002909,CRED0341,2025-09-28,2925.39
PAGO002910,CRED0341,2025-10-31,3031.19
PAGO002911,CRED0341,2025-12-06,2235.16
PAGO002912,CRED0342,2025-01-06,7142.25
PAGO002913,CRED0342,2025-02-07,6433.64
PAGO002914,CRED0342,2025-03-06,5391.37
PAGO002915,CRED0342,2025-03-31,6495.1
PAGO002916,CRED0342,2025-05-01,7613.45
PAGO002917,CRED0342,2025-05-31,7452.66
PAGO002918,CRED0342,2025-06-25,7637.38
PAGO002919,CRED0342,2025-07-23,7510.64
PAGO002920,CRED0342,2025-09-01,6078.05
PAGO002921,CRED0342,2025-10-01,6266.07
PAGO002922,CRED0342,2025-10-29,2610.75
PAGO002923,CRED0343,2024-12-11,2389.63
PAGO002924,CRED0343,2025-01-12,2373.35
PAGO002925,CRED0343,2025-02-16,2093.43
PAGO002926,CRED0343,2025-03-16,2483.91
PAGO002927,CRED0343,2025-04-25,2723.01
PAGO002928,CRED0343,2025-05-29,2520.78
PAGO002929,CRED0343,2025-06-24,2052.65
PAGO002930,CRED0343,2025-08-03,2085.65
PAGO002931,CRED0343,2025-09-06,2422.02
PAGO002932,CRED0343,2025-10-10,2648.85
PAGO002933,CRED0343,2025-11-18,2194.23
PAGO002934,CRED0343,2025-12-26,2258.03
PAGO002935,CRED0343,2026-02-02,2157.67
PAGO002936,CRED0343,2026-03-01,2853.61
PAGO002937,CRED0343,2026-04-10,2897.3
PAGO002938,CRED0343,2026-05-16,2148.32
PAGO002939,CRED0343,2026-06-25,3593.42
PAGO002940,CRED0344,2024-01-24,13656.36
PAGO002941,CRED0344,2024-02-20,10885.94
PAGO002942,CRED0344,2024-03-28,12331.46
PAGO002943,CRED0344,2024-04-25,14082.12
PAGO002944,CRED0344,2024-05-25,10605.95
PAGO002945,CRED0344,2024-06-25,12013.02
PAGO002946,CRED0344,2024-08-01,10904.15
PAGO002947,CRED0344,2024-09-08,13998.74
PAGO002948,CRED0344,2024-10-11,17099.68
PAGO002949,CRED0345,2024-02-08,12716.84
PAGO002950,CRED0345,2024-03-16,14246.89
PAGO002951,CRED0345,2024-04-18,10240.39
PAGO002952,CRED0345,2024-05-27,10052.8
PAGO002953,CRED0345,2024-06-29,11871.16
PAGO002954,CRED0345,2024-07-31,12534.17
PAGO002955,CRED0345,2024-08-29,9679.34
PAGO002956,CRED0345,2024-09-24,13497.18
PAGO002957,CRED0345,2024-11-03,12771.35
PAGO002958,CRED0345,2024-12-03,11362.29
PAGO002959,CRED0345,2025-01-07,10265.96
PAGO002960,CRED0345,2025-02-04,13162.69
PAGO002961,CRED0345,2025-03-16,13317.97
PAGO002962,CRED0345,2025-04-16,10937.53
PAGO002963,CRED0345,2025-05-26,11875.5
PAGO002964,CRED0345,2025-06-28,12124.37
PAGO002965,CRED0345,2025-07-23,14080.25
PAGO002966,CRED0345,2025-08-18,9859.14
PAGO002967,CRED0346,2023-04-16,28956.2
PAGO002968,CRED0347,2024-11-07,11777.12
PAGO002969,CRED0347,2024-12-07,14789.03
PAGO002970,CRED0347,2025-01-10,16686.54
PAGO002971,CRED0347,2025-02-09,14411.95
PAGO002972,CRED0347,2025-03-10,13376.41
PAGO002973,CRED0347,2025-04-16,14388.67
PAGO002974,CRED0347,2025-05-14,14859.53
PAGO002975,CRED0347,2025-06-23,15387.21
PAGO002976,CRED0347,2025-08-02,14474.69
PAGO002977,CRED0348,2025-09-26,3223.13
PAGO002978,CRED0348,2025-11-02,2910.3
PAGO002979,CRED0348,2025-12-09,3364.89
PAGO002980,CRED0348,2026-01-14,3557.16
PAGO002981,CRED0348,2026-02-17,2983.71
PAGO002982,CRED0348,2026-03-14,3330.85
PAGO002983,CRED0348,2026-04-12,3647.77
PAGO002984,CRED0348,2026-05-18,3612.56
PAGO002985,CRED0348,2026-06-12,3555.52
PAGO002986,CRED0348,2026-07-17,3060.97
PAGO002987,CRED0348,2026-08-24,3015.41
PAGO002988,CRED0348,2026-09-29,3101.29
PAGO002989,CRED0348,2026-10-25,3421.86
PAGO002990,CRED0348,2026-11-26,2873.3
PAGO002991,CRED0348,2026-12-30,3333.51
PAGO002992,CRED0348,2027-01-26,3688.92
PAGO002993,CRED0348,2027-02-23,3005.71
PAGO002994,CRED0348,2027-03-20,3263.93
PAGO002995,CRED0348,2027-04-15,3164.27
PAGO002996,CRED0348,2027-05-23,3302.03
PAGO002997,CRED0348,2027-06-30,2914.45
PAGO002998,CRED0348,2027-08-09,3327.67
PAGO002999,CRED0348,2027-09-13,2275.0
PAGO003000,CRED0349,2025-01-31,16930.44
PAGO003001,CRED0349,2025-03-12,13820.93
PAGO003002,CRED0349,2025-04-12,15373.51
PAGO003003,CRED0349,2025-05-17,14259.04
PAGO003004,CRED0349,2025-06-20,21881.3
PAGO003005,CRED0350,2024-08-12,1766.93
PAGO003006,CRED0350,2024-09-08,1904.33
PAGO003007,CRED0350,2024-10-09,1533.55
PAGO003008,CRED0350,2024-11-04,1540.23
PAGO003009,CRED0350,2024-12-11,1880.34
PAGO003010,CRED0350,2025-01-07,1822.08
PAGO003011,CRED0350,2025-02-04,1737.71
PAGO003012,CRED0350,2025-03-09,1386.0
PAGO003013,CRED0350,2025-04-18,1513.92
PAGO003014,CRED0351,2025-07-19,15706.77
PAGO003015,CRED0351,2025-08-22,18943.76
PAGO003016,CRED0351,2025-09-25,18401.24
PAGO003017,CRED0351,2025-10-30,16640.22
PAGO003018,CRED0351,2025-12-06,17027.37
PAGO003019,CRED0351,2026-01-14,26732.68
PAGO003020,CRED0353,2024-07-30,14735.14
PAGO003021,CRED0353,2024-08-30,15215.26
PAGO003022,CRED0353,2024-10-08,12968.72
PAGO003023,CRED0353,2024-11-15,16781.1
PAGO003024,CRED0353,2024-12-11,14423.07
PAGO003025,CRED0353,2025-01-16,14081.22
PAGO003026,CRED0353,2025-02-17,12297.03
PAGO003027,CRED0353,2025-03-23,16263.52
PAGO003028,CRED0353,2025-04-30,13258.73
PAGO003029,CRED0353,2025-05-27,15061.56
PAGO003030,CRED0353,2025-07-04,12167.66
PAGO003031,CRED0354,2024-02-04,11888.53
PAGO003032,CRED0354,2024-03-07,12675.78
PAGO003033,CRED0354,2024-04-04,11327.5
PAGO003034,CRED0354,2024-04-29,11831.31
PAGO003035,CRED0354,2024-06-02,12982.91
PAGO003036,CRED0354,2024-07-10,12760.88
PAGO003037,CRED0354,2024-08-05,18735.26
PAGO003038,CRED0355,2024-09-27,6154.29
PAGO003039,CRED0355,2024-10-30,8063.62
PAGO003040,CRED0355,2024-11-29,8020.02
PAGO003041,CRED0355,2024-12-25,8989.02
PAGO003042,CRED0355,2025-02-03,8438.38
PAGO003043,CRED0355,2025-03-01,8672.98
PAGO003044,CRED0355,2025-03-28,7017.96
PAGO003045,CRED0355,2025-05-01,8696.0
PAGO003046,CRED0355,2025-06-08,8785.77
PAGO003047,CRED0355,2025-07-05,7269.67
PAGO003048,CRED0355,2025-08-03,3298.48
PAGO003049,CRED0356,2025-07-28,10872.7
PAGO003050,CRED0356,2025-08-25,10967.1
PAGO003051,CRED0356,2025-09-27,10856.18
PAGO003052,CRED0356,2025-10-24,9732.6
PAGO003053,CRED0356,2025-11-21,12059.63
PAGO003054,CRED0356,2025-12-26,10129.24
PAGO003055,CRED0356,2026-02-01,12201.61
PAGO003056,CRED0356,2026-03-05,12765.45
PAGO003057,CRED0356,2026-04-05,8260.03
PAGO003058,CRED0357,2025-07-09,20787.46
PAGO003059,CRED0358,2023-07-03,10447.38
PAGO003060,CRED0358,2023-07-29,9087.89
PAGO003061,CRED0358,2023-09-03,9851.53
PAGO003062,CRED0358,2023-10-01,8453.41
PAGO003063,CRED0358,2023-11-08,9031.31
PAGO003064,CRED0358,2023-12-10,10813.82
PAGO003065,CRED0358,2024-01-08,8623.12
PAGO003066,CRED0358,2024-02-13,10295.81
PAGO003067,CRED0358,2024-03-09,9653.67
PAGO003068,CRED0358,2024-04-04,4972.82
PAGO003069,CRED0359,2023-12-24,941.98
PAGO003070,CRED0359,2024-01-29,1146.78
PAGO003071,CRED0359,2024-02-26,1001.32
PAGO003072,CRED0359,2024-03-29,1128.8
PAGO003073,CRED0359,2024-05-05,793.13
PAGO003074,CRED0359,2024-06-11,1156.4
PAGO003075,CRED0359,2024-07-14,908.88
PAGO003076,CRED0359,2024-08-15,907.51
PAGO003077,CRED0359,2024-09-14,1151.81
PAGO003078,CRED0359,2024-10-19,1137.42
PAGO003079,CRED0359,2024-11-26,1101.81
PAGO003080,CRED0359,2024-12-29,1132.28
PAGO003081,CRED0359,2025-02-07,329.73
PAGO003082,CRED0360,2023-04-12,2634.68
PAGO003083,CRED0360,2023-05-20,2667.69
PAGO003084,CRED0360,2023-06-17,2619.14
PAGO003085,CRED0360,2023-07-20,2324.19
PAGO003086,CRED0360,2023-08-25,2244.93
PAGO003087,CRED0360,2023-09-29,1419.25
PAGO003088,CRED0361,2025-02-10,25269.21
PAGO003089,CRED0361,2025-03-12,25161.91
PAGO003090,CRED0361,2025-04-10,21319.11
PAGO003091,CRED0362,2025-08-09,6601.23
PAGO003092,CRED0362,2025-09-05,6043.71
PAGO003093,CRED0362,2025-10-07,7204.85
PAGO003094,CRED0362,2025-11-05,8782.17
PAGO003095,CRED0363,2023-11-08,10861.7
PAGO003096,CRED0363,2023-12-07,8545.25
PAGO003097,CRED0363,2024-01-11,10582.07
PAGO003098,CRED0363,2024-02-11,7878.92
PAGO003099,CRED0363,2024-03-18,8247.43
PAGO003100,CRED0363,2024-04-24,11131.03
PAGO003101,CRED0363,2024-05-26,7638.27
PAGO003102,CRED0363,2024-06-20,10714.3
PAGO003103,CRED0364,2024-06-25,6010.46
PAGO003104,CRED0364,2024-07-25,5604.48
PAGO003105,CRED0364,2024-09-01,7109.94
PAGO003106,CRED0364,2024-09-30,8616.93
PAGO003107,CRED0365,2025-04-02,12083.94
PAGO003108,CRED0365,2025-04-27,12796.3
PAGO003109,CRED0365,2025-06-04,13054.12
PAGO003110,CRED0365,2025-07-13,13307.82
PAGO003111,CRED0365,2025-08-22,9971.78
PAGO003112,CRED0365,2025-09-22,10310.83
PAGO003113,CRED0365,2025-10-25,10769.37
PAGO003114,CRED0365,2025-12-04,11845.28
PAGO003115,CRED0366,2025-08-01,5575.26
PAGO003116,CRED0366,2025-09-01,7567.76
PAGO003117,CRED0366,2025-10-05,6889.36
PAGO003118,CRED0366,2025-11-05,6110.21
PAGO003119,CRED0366,2025-12-13,5440.2
PAGO003120,CRED0367,2024-03-15,4986.35
PAGO003121,CRED0367,2024-04-23,6409.47
PAGO003122,CRED0367,2024-05-29,5138.62
PAGO003123,CRED0369,2025-01-11,23568.62
PAGO003124,CRED0369,2025-02-17,21290.15
PAGO003125,CRED0369,2025-03-26,21461.31
PAGO003126,CRED0369,2025-04-28,16426.53
PAGO003127,CRED0369,2025-05-24,16260.58
PAGO003128,CRED0369,2025-06-25,19579.23
PAGO003129,CRED0369,2025-07-31,23745.64
PAGO003130,CRED0369,2025-08-26,15890.13
PAGO003131,CRED0369,2025-10-02,18244.66
PAGO003132,CRED0369,2025-11-08,21628.76
PAGO003133,CRED0370,2023-12-19,20534.21
PAGO003134,CRED0370,2024-01-18,18133.31
PAGO003135,CRED0370,2024-02-27,23508.7
PAGO003136,CRED0370,2024-04-06,17103.44
PAGO003137,CRED0370,2024-05-11,21743.17
PAGO003138,CRED0370,2024-06-18,17182.67
PAGO003139,CRED0370,2024-07-16,18558.33
PAGO003140,CRED0370,2024-08-14,20050.05
PAGO003141,CRED0370,2024-09-16,22044.56
PAGO003142,CRED0370,2024-10-24,21705.36
PAGO003143,CRED0371,2025-02-09,25442.85
PAGO003144,CRED0372,2024-05-29,10189.18
PAGO003145,CRED0372,2024-07-03,9640.38
PAGO003146,CRED0372,2024-08-12,9734.8
PAGO003147,CRED0372,2024-09-10,9002.14
PAGO003148,CRED0372,2024-10-19,7232.29
PAGO003149,CRED0372,2024-11-17,7237.03
PAGO003150,CRED0372,2024-12-17,7171.14
PAGO003151,CRED0372,2025-01-19,7620.93
PAGO003152,CRED0372,2025-02-27,8582.11
PAGO003153,CRED0372,2025-04-08,7188.51
PAGO003154,CRED0372,2025-05-14,13267.78
PAGO003155,CRED0373,2025-02-24,7253.34
PAGO003156,CRED0373,2025-03-25,5412.67
PAGO003157,CRED0373,2025-04-21,5616.77
PAGO003158,CRED0373,2025-05-25,5557.95
PAGO003159,CRED0373,2025-06-24,7008.91
PAGO003160,CRED0373,2025-07-27,6533.08
PAGO003161,CRED0373,2025-08-27,6584.82
PAGO003162,CRED0373,2025-09-21,6438.19
PAGO003163,CRED0373,2025-10-21,6158.85
PAGO003164,CRED0373,2025-11-17,5724.9
PAGO003165,CRED0373,2025-12-27,6822.78
PAGO003166,CRED0373,2026-01-31,5163.67
PAGO003167,CRED0373,2026-02-28,6102.14
PAGO003168,CRED0373,2026-03-28,7230.75
PAGO003169,CRED0373,2026-04-26,5171.1
PAGO003170,CRED0373,2026-06-04,7214.75
PAGO003171,CRED0373,2026-07-14,6254.78
PAGO003172,CRED0373,2026-08-16,6611.98
PAGO003173,CRED0373,2026-09-10,5937.13
PAGO003174,CRED0373,2026-10-06,8639.03
PAGO003175,CRED0374,2023-07-26,6319.75
PAGO003176,CRED0375,2026-01-11,34430.88
PAGO003177,CRED0375,2026-02-14,27018.64
PAGO003178,CRED0376,2023-10-14,20105.02
PAGO003179,CRED0376,2023-11-20,16516.76
PAGO003180,CRED0376,2023-12-23,22576.64
PAGO003181,CRED0377,2025-12-25,32010.51
PAGO003182,CRED0377,2026-01-21,23844.2
PAGO003183,CRED0378,2024-02-07,14580.39
PAGO003184,CRED0378,2024-03-12,13886.25
PAGO003185,CRED0378,2024-04-10,11124.04
PAGO003186,CRED0378,2024-05-20,14693.73
PAGO003187,CRED0378,2024-06-23,15232.12
PAGO003188,CRED0378,2024-07-22,9168.98
PAGO003189,CRED0379,2023-10-12,25334.75
PAGO003190,CRED0379,2023-11-21,24657.08
PAGO003191,CRED0379,2023-12-28,24969.62
PAGO003192,CRED0379,2024-02-04,25867.24
PAGO003193,CRED0380,2024-05-06,5430.43
PAGO003194,CRED0380,2024-06-13,5465.37
PAGO003195,CRED0380,2024-07-10,4239.1
PAGO003196,CRED0380,2024-08-14,6177.11
PAGO003197,CRED0380,2024-09-15,5500.53
PAGO003198,CRED0380,2024-10-14,6088.6
PAGO003199,CRED0380,2024-11-10,4759.04
PAGO003200,CRED0380,2024-12-18,4319.6
PAGO003201,CRED0380,2025-01-27,4779.17
PAGO003202,CRED0380,2025-02-25,5576.79
PAGO003203,CRED0380,2025-03-31,5903.43
PAGO003204,CRED0380,2025-05-08,4768.97
PAGO003205,CRED0380,2025-06-03,5299.81
PAGO003206,CRED0380,2025-06-29,5221.73
PAGO003207,CRED0380,2025-08-06,5013.16
PAGO003208,CRED0380,2025-09-14,5528.05
PAGO003209,CRED0380,2025-10-17,4893.57
PAGO003210,CRED0380,2025-11-13,5751.99
PAGO003211,CRED0380,2025-12-08,3966.98
PAGO003212,CRED0381,2023-07-11,6116.21
PAGO003213,CRED0381,2023-08-10,7914.68
PAGO003214,CRED0382,2023-10-14,26599.15
PAGO003215,CRED0382,2023-11-17,21395.29
PAGO003216,CRED0382,2023-12-26,25495.14
PAGO003217,CRED0382,2024-02-03,24260.36
PAGO003218,CRED0382,2024-03-07,21648.52
PAGO003219,CRED0382,2024-04-06,20444.05
PAGO003220,CRED0382,2024-05-03,21966.56
PAGO003221,CRED0383,2024-01-11,16703.45
PAGO003222,CRED0383,2024-02-17,17520.97
PAGO003223,CRED0383,2024-03-18,21983.6
PAGO003224,CRED0383,2024-04-26,26567.74
PAGO003225,CRED0384,2024-12-22,11493.88
PAGO003226,CRED0384,2025-01-27,13429.8
PAGO003227,CRED0384,2025-03-05,13998.69
PAGO003228,CRED0384,2025-04-01,10606.88
PAGO003229,CRED0384,2025-04-26,10934.86
PAGO003230,CRED0384,2025-05-21,13456.6
PAGO003231,CRED0384,2025-06-21,14270.07
PAGO003232,CRED0384,2025-07-22,12383.9
PAGO003233,CRED0384,2025-08-20,13225.54
PAGO003234,CRED0384,2025-09-27,14185.61
PAGO003235,CRED0384,2025-10-28,10412.24
PAGO003236,CRED0384,2025-12-06,11339.76
PAGO003237,CRED0385,2023-07-16,1320.28
PAGO003238,CRED0385,2023-08-14,1708.5
PAGO003239,CRED0385,2023-09-22,1848.91
PAGO003240,CRED0385,2023-11-01,1360.48
PAGO003241,CRED0386,2024-04-06,9149.16
PAGO003242,CRED0386,2024-05-13,8524.01
PAGO003243,CRED0386,2024-06-07,8739.05
PAGO003244,CRED0386,2024-07-15,12383.29
PAGO003245,CRED0386,2024-08-24,11375.8
PAGO003246,CRED0386,2024-09-27,8466.21
PAGO003247,CRED0386,2024-11-03,10332.69
PAGO003248,CRED0386,2024-12-13,9276.21
PAGO003249,CRED0386,2025-01-08,10508.11
PAGO003250,CRED0386,2025-02-15,10708.0
PAGO003251,CRED0386,2025-03-14,9425.59
PAGO003252,CRED0386,2025-04-21,12007.79
PAGO003253,CRED0386,2025-05-19,10368.8
PAGO003254,CRED0386,2025-06-24,10175.69
PAGO003255,CRED0386,2025-08-01,8398.84
PAGO003256,CRED0386,2025-09-04,11330.62
PAGO003257,CRED0386,2025-10-14,9741.46
PAGO003258,CRED0386,2025-11-15,10422.19
PAGO003259,CRED0386,2025-12-20,12143.27
PAGO003260,CRED0386,2026-01-28,14332.33
PAGO003261,CRED0387,2025-11-15,21508.72
PAGO003262,CRED0387,2025-12-23,25492.25
PAGO003263,CRED0387,2026-01-28,25158.35
PAGO003264,CRED0387,2026-02-27,23591.51
PAGO003265,CRED0387,2026-04-02,24211.08
PAGO003266,CRED0387,2026-04-29,23998.35
PAGO003267,CRED0387,2026-05-28,13505.91
PAGO003268,CRED0388,2025-10-16,5550.51
PAGO003269,CRED0388,2025-11-23,6554.67
PAGO003270,CRED0388,2026-01-02,5130.61
PAGO003271,CRED0388,2026-02-02,5694.48
PAGO003272,CRED0388,2026-02-27,5253.41
PAGO003273,CRED0388,2026-04-01,5249.52
PAGO003274,CRED0388,2026-05-01,4843.45
PAGO003275,CRED0388,2026-05-27,6251.24
PAGO003276,CRED0388,2026-07-01,5413.39
PAGO003277,CRED0388,2026-08-02,4723.12
PAGO003278,CRED0388,2026-09-03,5537.54
PAGO003279,CRED0388,2026-10-08,6612.99
PAGO003280,CRED0389,2025-08-16,5635.51
PAGO003281,CRED0389,2025-09-14,6288.73
PAGO003282,CRED0389,2025-10-12,4605.27
PAGO003283,CRED0390,2025-10-18,7734.86
PAGO003284,CRED0390,2025-11-15,7766.22
PAGO003285,CRED0390,2025-12-13,7371.86
PAGO003286,CRED0390,2026-01-08,6546.06
PAGO003287,CRED0390,2026-02-07,6866.19
PAGO003288,CRED0390,2026-03-10,7599.98
PAGO003289,CRED0390,2026-04-09,7123.16
PAGO003290,CRED0390,2026-05-18,7210.92
PAGO003291,CRED0390,2026-06-27,7134.13
PAGO003292,CRED0390,2026-07-25,5624.42
PAGO003293,CRED0390,2026-08-30,6095.18
PAGO003294,CRED0390,2026-09-28,5542.67
PAGO003295,CRED0390,2026-10-29,6368.01
PAGO003296,CRED0390,2026-12-06,7229.86
PAGO003297,CRED0390,2026-12-31,5862.06
PAGO003298,CRED0390,2027-02-09,6112.7
PAGO003299,CRED0390,2027-03-11,5444.11
PAGO003300,CRED0390,2027-04-16,7088.82
PAGO003301,CRED0390,2027-05-24,6163.15
PAGO003302,CRED0390,2027-06-25,3655.3
PAGO003303,CRED0391,2024-11-14,8173.6
PAGO003304,CRED0391,2024-12-22,8853.06
PAGO003305,CRED0391,2025-01-29,10630.91
PAGO003306,CRED0391,2025-03-06,10798.46
PAGO003307,CRED0391,2025-04-14,7870.6
PAGO003308,CRED0391,2025-05-09,9969.01
PAGO003309,CRED0391,2025-06-05,7647.55
PAGO003310,CRED0391,2025-07-10,8809.93
PAGO003311,CRED0391,2025-08-09,8928.86
PAGO003312,CRED0391,2025-09-15,10121.49
PAGO003313,CRED0391,2025-10-14,9074.23
PAGO003314,CRED0392,2023-10-25,9416.13
PAGO003315,CRED0392,2023-11-28,10592.49
PAGO003316,CRED0392,2024-01-02,11322.96
PAGO003317,CRED0392,2024-01-27,11002.92
PAGO003318,CRED0392,2024-02-25,10509.76
PAGO003319,CRED0392,2024-04-04,10290.19
PAGO003320,CRED0392,2024-05-13,10498.77
PAGO003321,CRED0392,2024-06-19,10802.08
PAGO003322,CRED0392,2024-07-23,8112.19
PAGO003323,CRED0392,2024-08-27,9302.04
PAGO003324,CRED0392,2024-09-25,9809.87
PAGO003325,CRED0392,2024-10-29,8616.03
PAGO003326,CRED0392,2024-12-02,9813.24
PAGO003327,CRED0392,2025-01-01,7875.32
PAGO003328,CRED0392,2025-02-03,8723.47
PAGO003329,CRED0392,2025-03-09,10611.79
PAGO003330,CRED0392,2025-04-06,10633.11
PAGO003331,CRED0392,2025-05-12,8795.15
PAGO003332,CRED0392,2025-06-17,8266.05
PAGO003333,CRED0392,2025-07-15,9530.68
PAGO003334,CRED0392,2025-08-09,9547.84
PAGO003335,CRED0392,2025-09-10,9992.26
PAGO003336,CRED0393,2024-06-09,7630.88
PAGO003337,CRED0393,2024-07-08,7766.58
PAGO003338,CRED0393,2024-08-09,6023.7
PAGO003339,CRED0393,2024-09-09,8077.01
PAGO003340,CRED0393,2024-10-15,7022.53
PAGO003341,CRED0393,2024-11-13,7758.83
PAGO003342,CRED0393,2024-12-21,5957.08
PAGO003343,CRED0393,2025-01-16,6989.48
PAGO003344,CRED0394,2023-08-17,1923.44
PAGO003345,CRED0394,2023-09-22,2104.81
PAGO003346,CRED0394,2023-10-29,2035.16
PAGO003347,CRED0394,2023-12-05,2258.3
PAGO003348,CRED0394,2024-01-14,1507.17
PAGO003349,CRED0395,2025-06-05,14486.32
PAGO003350,CRED0396,2024-11-01,3715.54
PAGO003351,CRED0396,2024-11-30,4305.39
PAGO003352,CRED0396,2025-01-08,3689.62
PAGO003353,CRED0396,2025-02-05,4668.75
PAGO003354,CRED0396,2025-03-16,4285.62
PAGO003355,CRED0396,2025-04-15,5101.24
PAGO003356,CRED0396,2025-05-21,5062.47
PAGO003357,CRED0396,2025-06-18,4507.83
PAGO003358,CRED0396,2025-07-26,3649.64
PAGO003359,CRED0397,2025-09-13,15067.5
PAGO003360,CRED0397,2025-10-12,13936.59
PAGO003361,CRED0397,2025-11-15,19683.52
PAGO003362,CRED0397,2025-12-19,17121.1
PAGO003363,CRED0398,2025-04-15,3700.58
PAGO003364,CRED0398,2025-05-23,3537.87
PAGO003365,CRED0398,2025-06-26,4989.19
PAGO003366,CRED0398,2025-07-27,3770.01
PAGO003367,CRED0398,2025-09-05,3457.45
PAGO003368,CRED0398,2025-10-11,3570.53
PAGO003369,CRED0398,2025-11-06,4174.97
PAGO003370,CRED0398,2025-12-10,4430.89
PAGO003371,CRED0398,2026-01-14,4803.19
PAGO003372,CRED0398,2026-02-23,6738.48
PAGO003373,CRED0399,2025-01-22,1930.86
PAGO003374,CRED0399,2025-03-02,2092.71
PAGO003375,CRED0399,2025-03-31,2248.94
PAGO003376,CRED0399,2025-05-05,1639.28
PAGO003377,CRED0399,2025-06-12,1895.75
PAGO003378,CRED0400,2025-09-20,20936.71
PAGO003379,CRED0400,2025-10-16,23819.02
PAGO003380,CRED0401,2023-11-01,24110.65
PAGO003381,CRED0401,2023-11-26,21637.64
PAGO003382,CRED0401,2023-12-30,21545.51
PAGO003383,CRED0401,2024-01-27,22242.68
PAGO003384,CRED0401,2024-02-23,18444.41
PAGO003385,CRED0401,2024-03-20,24879.07
PAGO003386,CRED0401,2024-04-20,14363.77
PAGO003387,CRED0402,2025-02-18,675.76
PAGO003388,CRED0402,2025-03-20,944.14
PAGO003389,CRED0402,2025-04-22,888.17
PAGO003390,CRED0402,2025-05-24,901.85
PAGO003391,CRED0402,2025-07-02,664.4
PAGO003392,CRED0402,2025-08-06,765.48
PAGO003393,CRED0402,2025-09-01,794.06
PAGO003394,CRED0402,2025-09-26,745.77
PAGO003395,CRED0402,2025-10-26,769.67
PAGO003396,CRED0402,2025-11-30,759.17
PAGO003397,CRED0402,2025-12-27,673.96
PAGO003398,CRED0402,2026-01-24,810.09
PAGO003399,CRED0402,2026-02-27,683.33
PAGO003400,CRED0402,2026-04-01,882.29
PAGO003401,CRED0402,2026-04-30,735.2
PAGO003402,CRED0402,2026-06-07,853.7
PAGO003403,CRED0402,2026-07-03,833.26
PAGO003404,CRED0402,2026-08-07,695.25
PAGO003405,CRED0402,2026-09-02,732.41
PAGO003406,CRED0402,2026-09-30,739.42
PAGO003407,CRED0402,2026-11-07,922.03
PAGO003408,CRED0402,2026-12-10,1059.7
PAGO003409,CRED0403,2025-02-11,10951.46
PAGO003410,CRED0403,2025-03-15,12190.34
PAGO003411,CRED0403,2025-04-21,14421.97
PAGO003412,CRED0403,2025-05-24,11334.91
PAGO003413,CRED0404,2024-08-25,13273.3
PAGO003414,CRED0404,2024-10-04,11187.97
PAGO003415,CRED0404,2024-11-05,16067.16
PAGO003416,CRED0404,2024-11-30,12512.79
PAGO003417,CRED0404,2024-12-28,12386.83
PAGO003418,CRED0404,2025-01-26,12708.29
PAGO003419,CRED0404,2025-03-05,13487.84
PAGO003420,CRED0404,2025-04-05,15345.6
PAGO003421,CRED0404,2025-05-04,13087.08
PAGO003422,CRED0404,2025-06-03,15340.87
PAGO003423,CRED0404,2025-07-11,16329.74
PAGO003424,CRED0404,2025-08-19,11259.02
PAGO003425,CRED0404,2025-09-27,16328.43
PAGO003426,CRED0404,2025-10-31,14629.72
PAGO003427,CRED0404,2025-11-30,11031.56
PAGO003428,CRED0404,2026-01-09,15595.17
PAGO003429,CRED0405,2023-10-21,1954.04
PAGO003430,CRED0405,2023-11-26,2072.48
PAGO003431,CRED0405,2023-12-27,1884.89
PAGO003432,CRED0405,2024-01-30,1491.4
PAGO003433,CRED0405,2024-02-26,1711.18
PAGO003434,CRED0406,2025-02-17,21313.06
PAGO003435,CRED0406,2025-03-18,27357.65
PAGO003436,CRED0406,2025-04-20,28895.71
PAGO003437,CRED0406,2025-05-21,26206.87
PAGO003438,CRED0406,2025-06-25,28952.46
PAGO003439,CRED0406,2025-07-30,26455.08
PAGO003440,CRED0406,2025-09-07,22819.31
PAGO003441,CRED0406,2025-10-12,18784.5
PAGO003442,CRED0407,2025-11-20,1428.17
PAGO003443,CRED0407,2025-12-15,1600.96
PAGO003444,CRED0407,2026-01-13,1453.96
PAGO003445,CRED0407,2026-02-07,1433.27
PAGO003446,CRED0407,2026-03-04,1594.05
PAGO003447,CRED0407,2026-04-03,730.59
PAGO003448,CRED0408,2025-09-27,6897.78
PAGO003449,CRED0408,2025-11-03,6476.33
PAGO003450,CRED0408,2025-11-30,6477.65
PAGO003451,CRED0408,2026-01-08,6818.54
PAGO003452,CRED0408,2026-02-13,7583.49
PAGO003453,CRED0408,2026-03-22,7214.6
PAGO003454,CRED0408,2026-04-27,6090.07
PAGO003455,CRED0408,2026-05-22,5421.58
PAGO003456,CRED0408,2026-06-27,7492.17
PAGO003457,CRED0408,2026-08-05,5127.12
PAGO003458,CRED0408,2026-08-30,7038.42
PAGO003459,CRED0408,2026-10-05,5591.89
PAGO003460,CRED0408,2026-11-08,7165.99
PAGO003461,CRED0408,2026-12-10,5700.96
PAGO003462,CRED0408,2027-01-19,7571.39
PAGO003463,CRED0408,2027-02-14,5819.61
PAGO003464,CRED0408,2027-03-17,5121.43
PAGO003465,CRED0408,2027-04-23,5386.32
PAGO003466,CRED0408,2027-05-26,6555.36
PAGO003467,CRED0408,2027-07-05,5538.22
PAGO003468,CRED0408,2027-08-05,6786.88
PAGO003469,CRED0408,2027-09-04,5270.0
PAGO003470,CRED0408,2027-10-03,7571.98
PAGO003471,CRED0409,2023-11-13,8039.01
PAGO003472,CRED0409,2023-12-15,9012.18
PAGO003473,CRED0409,2024-01-17,6856.42
PAGO003474,CRED0409,2024-02-11,9359.24
PAGO003475,CRED0409,2024-03-15,5834.89
PAGO003476,CRED0410,2024-10-04,92393.66
PAGO003477,CRED0411,2025-10-30,14750.97
PAGO003478,CRED0411,2025-12-02,10449.51
PAGO003479,CRED0411,2026-01-10,12290.76
PAGO003480,CRED0411,2026-02-05,14202.79
PAGO003481,CRED0411,2026-03-09,10081.35
PAGO003482,CRED0411,2026-04-16,12472.18
PAGO003483,CRED0411,2026-05-21,9875.45
PAGO003484,CRED0411,2026-06-21,14377.44
PAGO003485,CRED0413,2024-10-22,127485.58
PAGO003486,CRED0414,2023-03-26,8518.08
PAGO003487,CRED0414,2023-04-27,12012.96
PAGO003488,CRED0415,2024-05-11,14883.16
PAGO003489,CRED0415,2024-06-08,14630.84
PAGO003490,CRED0415,2024-07-16,20259.79
PAGO003491,CRED0415,2024-08-20,20493.9
PAGO003492,CRED0415,2024-09-21,19918.21
PAGO003493,CRED0416,2025-03-19,1716.66
PAGO003494,CRED0416,2025-04-14,2069.28
PAGO003495,CRED0416,2025-05-16,2158.69
PAGO003496,CRED0416,2025-06-24,2027.09
PAGO003497,CRED0416,2025-08-02,1891.3
PAGO003498,CRED0416,2025-08-29,2181.41
PAGO003499,CRED0416,2025-09-24,1743.49
PAGO003500,CRED0416,2025-10-21,2040.69
PAGO003501,CRED0416,2025-11-16,2140.77
PAGO003502,CRED0416,2025-12-25,364.7
PAGO003503,CRED0417,2023-09-13,4627.8
PAGO003504,CRED0417,2023-10-11,5095.42
PAGO003505,CRED0417,2023-11-06,4367.24
PAGO003506,CRED0417,2023-12-13,4570.41
PAGO003507,CRED0417,2024-01-20,4249.62
PAGO003508,CRED0417,2024-02-14,4668.85
PAGO003509,CRED0417,2024-03-24,5723.24
PAGO003510,CRED0418,2025-05-25,23895.84
PAGO003511,CRED0418,2025-06-19,19962.74
PAGO003512,CRED0418,2025-07-24,21050.62
PAGO003513,CRED0418,2025-08-21,17104.37
PAGO003514,CRED0418,2025-09-17,21091.89
PAGO003515,CRED0418,2025-10-18,23625.66
PAGO003516,CRED0418,2025-11-16,21453.69
PAGO003517,CRED0418,2025-12-19,19159.98
PAGO003518,CRED0418,2026-01-28,15681.92
PAGO003519,CRED0419,2025-09-22,23169.32
PAGO003520,CRED0419,2025-10-18,17624.77
PAGO003521,CRED0419,2025-11-25,20817.62
PAGO003522,CRED0419,2025-12-31,19144.86
PAGO003523,CRED0419,2026-01-29,17788.19
PAGO003524,CRED0419,2026-03-04,21564.83
PAGO003525,CRED0419,2026-04-07,19622.34
PAGO003526,CRED0419,2026-05-02,20855.35
PAGO003527,CRED0419,2026-05-31,17041.91
PAGO003528,CRED0419,2026-06-26,20063.28
PAGO003529,CRED0419,2026-07-27,30105.36
PAGO003530,CRED0420,2025-12-28,9011.26
PAGO003531,CRED0420,2026-02-01,7165.4
PAGO003532,CRED0421,2026-01-11,8013.92
PAGO003533,CRED0421,2026-02-15,7664.77
PAGO003534,CRED0421,2026-03-22,7030.78
PAGO003535,CRED0421,2026-04-29,6258.16
PAGO003536,CRED0421,2026-05-27,6595.94
PAGO003537,CRED0421,2026-06-22,6707.81
PAGO003538,CRED0421,2026-07-17,7091.69
PAGO003539,CRED0421,2026-08-18,6628.82
PAGO003540,CRED0421,2026-09-18,6017.36
PAGO003541,CRED0421,2026-10-23,5178.26
PAGO003542,CRED0422,2025-01-01,30166.33
PAGO003543,CRED0422,2025-01-26,23204.92
PAGO003544,CRED0425,2024-03-30,14535.34
PAGO003545,CRED0425,2024-05-05,13538.46
PAGO003546,CRED0425,2024-05-30,14566.6
PAGO003547,CRED0425,2024-07-03,14401.16
PAGO003548,CRED0425,2024-08-05,25756.2
PAGO003549,CRED0426,2024-08-13,4673.72
PAGO003550,CRED0426,2024-09-13,4206.61
PAGO003551,CRED0426,2024-10-16,6056.89
PAGO003552,CRED0426,2024-11-10,5892.07
PAGO003553,CRED0426,2024-12-09,4950.4
PAGO003554,CRED0426,2025-01-06,4866.04
PAGO003555,CRED0426,2025-02-06,4796.72
PAGO003556,CRED0426,2025-03-10,4931.08
PAGO003557,CRED0426,2025-04-15,5537.19
PAGO003558,CRED0426,2025-05-23,5989.75
PAGO003559,CRED0426,2025-06-19,4408.46
PAGO003560,CRED0426,2025-07-18,5816.02
PAGO003561,CRED0426,2025-08-18,5270.1
PAGO003562,CRED0426,2025-09-23,4823.52
PAGO003563,CRED0426,2025-10-31,6194.92
PAGO003564,CRED0426,2025-12-02,4824.14
PAGO003565,CRED0427,2025-04-18,21803.58
PAGO003566,CRED0427,2025-05-22,21308.24
PAGO003567,CRED0427,2025-06-26,17165.0
PAGO003568,CRED0427,2025-07-29,21944.25
PAGO003569,CRED0427,2025-09-07,13260.06
PAGO003570,CRED0428,2024-09-16,2300.23
PAGO003571,CRED0428,2024-10-13,1786.32
PAGO003572,CRED0428,2024-11-19,2267.52
PAGO003573,CRED0428,2024-12-25,2059.24
PAGO003574,CRED0428,2025-02-02,1795.85
PAGO003575,CRED0428,2025-03-10,2081.4
PAGO003576,CRED0428,2025-04-19,2238.13
PAGO003577,CRED0428,2025-05-29,1954.54
PAGO003578,CRED0429,2025-07-24,15754.89
PAGO003579,CRED0429,2025-08-19,13181.5
PAGO003580,CRED0429,2025-09-19,14643.94
PAGO003581,CRED0429,2025-10-21,14308.43
PAGO003582,CRED0429,2025-11-24,14482.35
PAGO003583,CRED0429,2025-12-31,15356.34
PAGO003584,CRED0429,2026-02-05,16783.36
PAGO003585,CRED0430,2024-08-08,8550.35
PAGO003586,CRED0430,2024-09-11,7596.02
PAGO003587,CRED0430,2024-10-17,6930.02
PAGO003588,CRED0430,2024-11-12,7660.49
PAGO003589,CRED0430,2024-12-17,7538.84
PAGO003590,CRED0430,2025-01-25,7558.73
PAGO003591,CRED0430,2025-03-02,8714.68
PAGO003592,CRED0430,2025-04-06,7063.15
PAGO003593,CRED0430,2025-05-01,6772.75
PAGO003594,CRED0430,2025-06-02,7040.17
PAGO003595,CRED0430,2025-06-29,10027.92
PAGO003596,CRED0432,2024-05-21,1003.43
PAGO003597,CRED0432,2024-06-23,1110.83
PAGO003598,CRED0432,2024-07-21,804.14
PAGO003599,CRED0432,2024-08-26,773.66
PAGO003600,CRED0432,2024-09-26,885.81
PAGO003601,CRED0432,2024-10-31,854.03
PAGO003602,CRED0432,2024-12-03,831.49
PAGO003603,CRED0432,2025-01-01,1138.08
PAGO003604,CRED0432,2025-02-03,762.36
PAGO003605,CRED0432,2025-03-09,866.1
PAGO003606,CRED0432,2025-04-14,1408.05
PAGO003607,CRED0433,2023-08-24,15995.95
PAGO003608,CRED0433,2023-09-18,14338.23
PAGO003609,CRED0433,2023-10-17,16620.41
PAGO003610,CRED0433,2023-11-18,12916.72
PAGO003611,CRED0433,2023-12-19,14352.35
PAGO003612,CRED0433,2024-01-27,15791.23
PAGO003613,CRED0433,2024-03-06,13576.4
PAGO003614,CRED0433,2024-04-02,13416.4
PAGO003615,CRED0433,2024-05-03,13497.85
PAGO003616,CRED0434,2023-12-20,6664.19
PAGO003617,CRED0434,2024-01-14,6489.35
PAGO003618,CRED0434,2024-02-12,6300.44
PAGO003619,CRED0434,2024-03-08,6831.21
PAGO003620,CRED0434,2024-04-13,6394.04
PAGO003621,CRED0434,2024-05-21,8311.32
PAGO003622,CRED0435,2025-10-04,21900.19
PAGO003623,CRED0435,2025-11-07,17733.26
PAGO003624,CRED0436,2024-09-06,8129.69
PAGO003625,CRED0436,2024-10-05,6286.03
PAGO003626,CRED0436,2024-11-09,7495.84
PAGO003627,CRED0436,2024-12-16,8698.3
PAGO003628,CRED0436,2025-01-16,5874.19
PAGO003629,CRED0437,2024-05-20,60118.8
PAGO003630,CRED0438,2024-01-24,4171.44
PAGO003631,CRED0438,2024-03-03,4284.25
PAGO003632,CRED0438,2024-04-06,3398.24
PAGO003633,CRED0438,2024-05-04,4342.5
PAGO003634,CRED0438,2024-06-03,3298.91
PAGO003635,CRED0438,2024-07-13,3290.44
PAGO003636,CRED0438,2024-08-13,3359.68
PAGO003637,CRED0438,2024-09-19,3707.63
PAGO003638,CRED0438,2024-10-21,3719.46
PAGO003639,CRED0438,2024-11-17,7013.29
PAGO003640,CRED0440,2023-04-17,1369.84
PAGO003641,CRED0440,2023-05-25,1145.37
PAGO003642,CRED0440,2023-06-22,1019.89
PAGO003643,CRED0440,2023-07-30,1187.12
PAGO003644,CRED0440,2023-08-26,1144.36
PAGO003645,CRED0440,2023-09-26,1318.62
PAGO003646,CRED0441,2024-09-04,11435.31
PAGO003647,CRED0441,2024-10-14,8760.55
PAGO003648,CRED0441,2024-11-17,10500.3
PAGO003649,CRED0441,2024-12-26,9233.97
PAGO003650,CRED0441,2025-01-20,12138.12
PAGO003651,CRED0441,2025-02-28,8375.8
PAGO003652,CRED0441,2025-04-06,10570.74
PAGO003653,CRED0441,2025-05-08,10250.18
PAGO003654,CRED0441,2025-06-17,9983.76
PAGO003655,CRED0441,2025-07-13,11108.2
PAGO003656,CRED0441,2025-08-16,10738.95
PAGO003657,CRED0441,2025-09-24,8647.13
PAGO003658,CRED0442,2023-11-01,18236.75
PAGO003659,CRED0442,2023-12-01,15599.01
PAGO003660,CRED0442,2023-12-31,18731.1
PAGO003661,CRED0442,2024-02-07,15875.3
PAGO003662,CRED0442,2024-03-08,17429.96
PAGO003663,CRED0442,2024-04-05,15460.13
PAGO003664,CRED0442,2024-05-01,11701.61
PAGO003665,CRED0443,2024-12-08,4445.69
PAGO003666,CRED0443,2025-01-11,4510.94
PAGO003667,CRED0443,2025-02-07,4564.04
PAGO003668,CRED0443,2025-03-10,4920.45
PAGO003669,CRED0443,2025-04-17,5061.96
PAGO003670,CRED0443,2025-05-15,5066.91
PAGO003671,CRED0443,2025-06-11,4661.06
PAGO003672,CRED0443,2025-07-16,4076.94
PAGO003673,CRED0443,2025-08-15,3810.8
PAGO003674,CRED0443,2025-09-10,4165.03
PAGO003675,CRED0443,2025-10-07,1235.45
PAGO003676,CRED0444,2023-02-28,9967.27
PAGO003677,CRED0444,2023-03-31,9956.19
PAGO003678,CRED0444,2023-04-25,9349.4
PAGO003679,CRED0444,2023-05-24,9667.21
PAGO003680,CRED0444,2023-07-02,10322.11
PAGO003681,CRED0444,2023-07-29,8651.26
PAGO003682,CRED0444,2023-08-30,11272.68
PAGO003683,CRED0444,2023-10-08,8890.99
PAGO003684,CRED0444,2023-11-10,15391.71
PAGO003685,CRED0445,2024-03-01,4998.83
PAGO003686,CRED0445,2024-03-31,4398.96
PAGO003687,CRED0445,2024-05-07,4157.95
PAGO003688,CRED0445,2024-06-01,5133.81
PAGO003689,CRED0445,2024-06-30,4679.89
PAGO003690,CRED0445,2024-07-30,4250.41
PAGO003691,CRED0445,2024-08-25,5546.65
PAGO003692,CRED0445,2024-09-25,4682.58
PAGO003693,CRED0445,2024-10-21,5438.91
PAGO003694,CRED0445,2024-11-18,4583.94
PAGO003695,CRED0445,2024-12-22,4858.53
PAGO003696,CRED0446,2025-06-24,22923.33
PAGO003697,CRED0446,2025-07-31,30962.35
PAGO003698,CRED0446,2025-09-01,30034.83
PAGO003699,CRED0448,2024-07-18,38913.81
PAGO003700,CRED0449,2024-10-10,15007.77
PAGO003701,CRED0449,2024-11-06,12435.18
PAGO003702,CRED0449,2024-12-04,15662.77
PAGO003703,CRED0449,2025-01-03,15254.46
PAGO003704,CRED0449,2025-01-29,13527.81
PAGO003705,CRED0449,2025-02-26,15767.5
PAGO003706,CRED0449,2025-04-02,14347.5
PAGO003707,CRED0449,2025-05-03,9997.01
PAGO003708,CRED0450,2025-02-05,7796.53
PAGO003709,CRED0450,2025-03-09,7109.0
PAGO003710,CRED0450,2025-04-14,7460.91
PAGO003711,CRED0450,2025-05-09,7713.87
PAGO003712,CRED0450,2025-06-13,6460.97
PAGO003713,CRED0450,2025-07-14,7895.74
PAGO003714,CRED0450,2025-08-10,8535.38
PAGO003715,CRED0450,2025-09-12,8509.63
PAGO003716,CRED0450,2025-10-18,6563.6
PAGO003717,CRED0450,2025-11-18,7742.63
PAGO003718,CRED0450,2025-12-28,9579.49
PAGO003719,CRED0450,2026-01-25,8710.61
PAGO003720,CRED0450,2026-02-24,7231.54
PAGO003721,CRED0450,2026-03-24,8348.82
PAGO003722,CRED0450,2026-04-30,8599.41
PAGO003723,CRED0450,2026-05-29,7488.78
PAGO003724,CRED0450,2026-07-03,9563.17
PAGO003725,CRED0450,2026-08-12,6639.3
PAGO003726,CRED0450,2026-09-06,8376.65
PAGO003727,CRED0450,2026-10-15,7650.39
PAGO003728,CRED0450,2026-11-16,8039.11
PAGO003729,CRED0450,2026-12-11,7169.45
PAGO003730,CRED0450,2027-01-08,11461.86
PAGO003731,CRED0451,2024-10-20,4070.8
PAGO003732,CRED0451,2024-11-16,3041.27
PAGO003733,CRED0451,2024-12-22,3689.12
PAGO003734,CRED0451,2025-01-22,3176.73
PAGO003735,CRED0451,2025-02-22,3900.71
PAGO003736,CRED0451,2025-03-26,4316.13
PAGO003737,CRED0451,2025-05-04,4044.24
PAGO003738,CRED0451,2025-06-08,3151.04
PAGO003739,CRED0451,2025-07-13,3903.02
PAGO003740,CRED0451,2025-08-08,3721.82
PAGO003741,CRED0451,2025-09-15,3909.58
PAGO003742,CRED0451,2025-10-19,4060.92
PAGO003743,CRED0451,2025-11-20,2997.67
PAGO003744,CRED0452,2023-09-28,9219.76
PAGO003745,CRED0452,2023-10-30,10171.54
PAGO003746,CRED0452,2023-12-01,9469.38
PAGO003747,CRED0452,2024-01-07,9154.98
PAGO003748,CRED0452,2024-02-06,8867.75
PAGO003749,CRED0452,2024-03-02,7496.23
PAGO003750,CRED0452,2024-04-11,7515.72
PAGO003751,CRED0452,2024-05-12,10720.82
PAGO003752,CRED0453,2024-04-27,8166.79
PAGO003753,CRED0453,2024-05-27,9961.35
PAGO003754,CRED0453,2024-06-27,8592.3
PAGO003755,CRED0453,2024-07-24,9322.05
PAGO003756,CRED0453,2024-09-01,11984.75
PAGO003757,CRED0455,2024-04-22,39434.04
PAGO003758,CRED0455,2024-05-26,36230.37
PAGO003759,CRED0456,2026-01-11,5622.91
PAGO003760,CRED0456,2026-02-13,6106.82
PAGO003761,CRED0456,2026-03-25,4437.59
PAGO003762,CRED0456,2026-04-30,5116.51
PAGO003763,CRED0456,2026-05-30,5271.12
PAGO003764,CRED0456,2026-07-07,5344.9
PAGO003765,CRED0456,2026-08-14,5888.99
PAGO003766,CRED0456,2026-09-23,4309.15
PAGO003767,CRED0456,2026-10-30,5178.71
PAGO003768,CRED0456,2026-11-26,5885.86
PAGO003769,CRED0456,2026-12-30,5536.67
PAGO003770,CRED0456,2027-01-28,5304.02
PAGO003771,CRED0457,2023-09-17,2418.41
PAGO003772,CRED0458,2023-12-03,2412.95
PAGO003773,CRED0458,2024-01-12,1951.3
PAGO003774,CRED0458,2024-02-10,2556.78
PAGO003775,CRED0458,2024-03-12,2029.26
PAGO003776,CRED0458,2024-04-12,1887.48
PAGO003777,CRED0458,2024-05-18,2346.38
PAGO003778,CRED0458,2024-06-25,2769.08
PAGO003779,CRED0458,2024-07-31,2245.22
PAGO003780,CRED0458,2024-09-03,2487.27
PAGO003781,CRED0458,2024-09-30,2268.53
PAGO003782,CRED0458,2024-10-26,2818.23
PAGO003783,CRED0458,2024-11-23,2245.96
PAGO003784,CRED0458,2024-12-23,2066.46
PAGO003785,CRED0458,2025-01-30,2784.91
PAGO003786,CRED0458,2025-03-07,2363.48
PAGO003787,CRED0458,2025-04-16,2481.55
PAGO003788,CRED0458,2025-05-22,2539.45
PAGO003789,CRED0458,2025-06-28,2756.11
PAGO003790,CRED0458,2025-07-30,2111.79
PAGO003791,CRED0458,2025-08-25,1966.43
PAGO003792,CRED0459,2024-03-26,44146.67
PAGO003793,CRED0459,2024-04-28,43480.84
PAGO003794,CRED0459,2024-05-27,37536.31
PAGO003795,CRED0460,2025-07-31,25666.5
PAGO003796,CRED0460,2025-08-30,17497.81
PAGO003797,CRED0460,2025-09-26,22993.74
PAGO003798,CRED0460,2025-11-02,20848.35
PAGO003799,CRED0460,2025-11-29,21899.35
PAGO003800,CRED0460,2025-12-30,21523.24
PAGO003801,CRED0461,2025-08-23,19690.23
PAGO003802,CRED0461,2025-09-26,21855.8
PAGO003803,CRED0461,2025-11-02,22602.49
PAGO003804,CRED0461,2025-12-10,24056.68
PAGO003805,CRED0461,2026-01-06,21045.54
PAGO003806,CRED0462,2023-03-16,5852.27
PAGO003807,CRED0462,2023-04-14,5664.12
PAGO003808,CRED0462,2023-05-15,7314.16
PAGO003809,CRED0462,2023-06-21,6737.5
PAGO003810,CRED0462,2023-07-16,7456.47
PAGO003811,CRED0462,2023-08-25,4996.51
PAGO003812,CRED0462,2023-09-21,6924.06
PAGO003813,CRED0462,2023-10-29,6303.03
PAGO003814,CRED0462,2023-12-02,6822.45
PAGO003815,CRED0462,2024-01-01,5432.92
PAGO003816,CRED0462,2024-01-31,6750.07
PAGO003817,CRED0462,2024-03-02,4634.99
PAGO003818,CRED0463,2023-06-29,1295.03
PAGO003819,CRED0463,2023-07-30,1341.3
PAGO003820,CRED0463,2023-08-25,1687.59
PAGO003821,CRED0463,2023-09-25,1386.54
PAGO003822,CRED0463,2023-11-02,1497.85
PAGO003823,CRED0463,2023-11-30,1760.28
PAGO003824,CRED0463,2023-12-30,1276.35
PAGO003825,CRED0463,2024-01-26,1459.18
PAGO003826,CRED0463,2024-02-28,1266.81
PAGO003827,CRED0463,2024-03-24,1586.78
PAGO003828,CRED0463,2024-05-03,2318.7
PAGO003829,CRED0464,2023-06-03,22924.0
PAGO003830,CRED0464,2023-07-06,34114.88
PAGO003831,CRED0465,2023-04-05,6921.4
PAGO003832,CRED0465,2023-05-03,5122.37
PAGO003833,CRED0465,2023-05-28,5503.69
PAGO003834,CRED0465,2023-06-30,6792.84
PAGO003835,CRED0465,2023-08-09,6386.92
PAGO003836,CRED0465,2023-09-16,4023.18
PAGO003837,CRED0466,2025-06-09,7746.17
PAGO003838,CRED0466,2025-07-14,9312.44
PAGO003839,CRED0466,2025-08-19,8810.7
PAGO003840,CRED0466,2025-09-25,8631.29
PAGO003841,CRED0466,2025-10-31,9498.34
PAGO003842,CRED0466,2025-11-28,6622.16
PAGO003843,CRED0466,2026-01-04,9009.53
PAGO003844,CRED0466,2026-02-02,6488.99
PAGO003845,CRED0467,2025-03-10,2735.14
PAGO003846,CRED0467,2025-04-11,2841.88
PAGO003847,CRED0467,2025-05-21,3017.65
PAGO003848,CRED0467,2025-06-21,2403.56
PAGO003849,CRED0467,2025-07-26,2419.76
PAGO003850,CRED0467,2025-08-31,3447.84
PAGO003851,CRED0467,2025-10-05,3213.25
PAGO003852,CRED0467,2025-11-06,3127.86
PAGO003853,CRED0467,2025-12-13,3790.84
PAGO003854,CRED0468,2023-10-30,13282.71
PAGO003855,CRED0468,2023-12-09,13533.68
PAGO003856,CRED0468,2024-01-06,12389.16
PAGO003857,CRED0468,2024-02-09,11813.25
PAGO003858,CRED0468,2024-03-09,13003.49
PAGO003859,CRED0468,2024-04-04,9641.46
PAGO003860,CRED0468,2024-05-01,10427.54
PAGO003861,CRED0468,2024-06-09,6529.81
PAGO003862,CRED0469,2025-04-14,41152.78
PAGO003863,CRED0470,2023-03-18,3117.76
PAGO003864,CRED0470,2023-04-14,2968.09
PAGO003865,CRED0470,2023-05-09,3045.29
PAGO003866,CRED0470,2023-06-13,4091.87
PAGO003867,CRED0470,2023-07-16,3130.07
PAGO003868,CRED0470,2023-08-18,3758.17
PAGO003869,CRED0470,2023-09-15,3757.53
PAGO003870,CRED0470,2023-10-25,2946.9
PAGO003871,CRED0470,2023-11-29,4048.58
PAGO003872,CRED0470,2023-12-26,3727.24
PAGO003873,CRED0470,2024-02-01,4102.47
PAGO003874,CRED0470,2024-03-09,3741.24
PAGO003875,CRED0470,2024-04-16,3959.08
PAGO003876,CRED0470,2024-05-18,3184.65
PAGO003877,CRED0470,2024-06-21,2943.01
PAGO003878,CRED0470,2024-07-18,3299.04
PAGO003879,CRED0470,2024-08-18,3869.1
PAGO003880,CRED0470,2024-09-15,3626.94
PAGO003881,CRED0470,2024-10-14,4022.35
PAGO003882,CRED0470,2024-11-20,3632.69
PAGO003883,CRED0470,2024-12-15,3257.54
PAGO003884,CRED0470,2025-01-15,4013.59
PAGO003885,CRED0470,2025-02-22,2814.74
PAGO003886,CRED0471,2026-01-24,10704.12
PAGO003887,CRED0471,2026-02-22,9193.05
PAGO003888,CRED0471,2026-03-26,7685.66
PAGO003889,CRED0471,2026-04-20,9260.7
PAGO003890,CRED0471,2026-05-29,8449.42
PAGO003891,CRED0471,2026-07-02,10351.29
PAGO003892,CRED0471,2026-08-11,9777.63
PAGO003893,CRED0471,2026-09-09,7546.05
PAGO003894,CRED0472,2023-12-14,21960.3
PAGO003895,CRED0472,2024-01-09,16578.34
PAGO003896,CRED0473,2023-04-06,15576.0
PAGO003897,CRED0473,2023-05-09,17361.79
PAGO003898,CRED0473,2023-06-18,15242.75
PAGO003899,CRED0473,2023-07-19,14454.56
PAGO003900,CRED0473,2023-08-25,11927.42
PAGO003901,CRED0473,2023-09-29,12471.36
PAGO003902,CRED0473,2023-10-30,16499.87
PAGO003903,CRED0473,2023-12-01,15644.41
PAGO003904,CRED0473,2023-12-27,16934.88
PAGO003905,CRED0473,2024-01-26,16550.32
PAGO003906,CRED0473,2024-03-03,13319.5
PAGO003907,CRED0473,2024-04-02,17328.28
PAGO003908,CRED0473,2024-05-09,13541.44
PAGO003909,CRED0473,2024-06-18,17323.94
PAGO003910,CRED0473,2024-07-25,3074.13
PAGO003911,CRED0474,2024-06-06,6756.35
PAGO003912,CRED0474,2024-07-07,7993.57
PAGO003913,CRED0474,2024-08-13,6206.74
PAGO003914,CRED0474,2024-09-17,8144.97
PAGO003915,CRED0474,2024-10-13,8433.63
PAGO003916,CRED0474,2024-11-16,7272.74
PAGO003917,CRED0474,2024-12-16,7626.76
PAGO003918,CRED0474,2025-01-24,6752.59
PAGO003919,CRED0475,2023-05-10,6537.13
PAGO003920,CRED0475,2023-06-10,8091.86
PAGO003921,CRED0475,2023-07-05,6988.15
PAGO003922,CRED0475,2023-08-02,7923.24
PAGO003923,CRED0475,2023-08-31,7030.54
PAGO003924,CRED0475,2023-10-08,7926.57
PAGO003925,CRED0475,2023-11-07,7272.57
PAGO003926,CRED0476,2024-04-19,23965.83
PAGO003927,CRED0476,2024-05-15,20511.94
PAGO003928,CRED0476,2024-06-19,25123.66
PAGO003929,CRED0476,2024-07-18,27274.23
PAGO003930,CRED0477,2024-09-14,4363.84
PAGO003931,CRED0477,2024-10-24,4484.25
PAGO003932,CRED0477,2024-11-23,5166.05
PAGO003933,CRED0477,2024-12-30,5405.69
PAGO003934,CRED0477,2025-01-26,5409.35
PAGO003935,CRED0477,2025-03-04,4430.75
PAGO003936,CRED0477,2025-04-12,4610.12
PAGO003937,CRED0477,2025-05-10,4121.92
PAGO003938,CRED0477,2025-06-07,4847.5
PAGO003939,CRED0477,2025-07-09,3939.64
PAGO003940,CRED0477,2025-08-18,4427.85
PAGO003941,CRED0477,2025-09-15,5441.7
PAGO003942,CRED0477,2025-10-15,6641.8
PAGO003943,CRED0478,2024-11-17,5803.32
PAGO003944,CRED0478,2024-12-21,5521.37
PAGO003945,CRED0478,2025-01-18,4992.74
PAGO003946,CRED0478,2025-02-17,5164.73
PAGO003947,CRED0478,2025-03-14,5139.97
PAGO003948,CRED0478,2025-04-23,4431.68
PAGO003949,CRED0478,2025-05-21,5912.34
PAGO003950,CRED0478,2025-06-21,6367.92
PAGO003951,CRED0478,2025-07-19,4682.33
PAGO003952,CRED0478,2025-08-18,5663.66
PAGO003953,CRED0479,2026-01-02,2773.71
PAGO003954,CRED0479,2026-01-28,2551.41
PAGO003955,CRED0479,2026-02-28,3179.22
PAGO003956,CRED0479,2026-03-27,3071.18
PAGO003957,CRED0479,2026-04-22,2498.43
PAGO003958,CRED0479,2026-05-20,3003.64
PAGO003959,CRED0479,2026-06-25,3555.11
PAGO003960,CRED0479,2026-07-25,2904.05
PAGO003961,CRED0479,2026-08-19,2694.66
PAGO003962,CRED0479,2026-09-14,3531.07
PAGO003963,CRED0479,2026-10-18,3196.56
PAGO003964,CRED0480,2024-01-24,18370.17
PAGO003965,CRED0480,2024-02-29,17764.01
PAGO003966,CRED0480,2024-03-31,18321.29
PAGO003967,CRED0480,2024-04-26,15248.37
PAGO003968,CRED0480,2024-05-27,14597.89
PAGO003969,CRED0480,2024-06-27,20158.18
PAGO003970,CRED0480,2024-07-28,17665.93
PAGO003971,CRED0480,2024-08-30,14508.08
PAGO003972,CRED0480,2024-10-07,14139.11
PAGO003973,CRED0480,2024-11-09,19630.25
PAGO003974,CRED0481,2025-01-05,17276.01
PAGO003975,CRED0481,2025-02-13,16636.62
PAGO003976,CRED0481,2025-03-18,21374.42
PAGO003977,CRED0481,2025-04-16,24571.76
PAGO003978,CRED0482,2025-06-01,15629.21
PAGO003979,CRED0482,2025-07-02,18694.2
PAGO003980,CRED0482,2025-08-01,16664.22
PAGO003981,CRED0482,2025-08-30,17881.71
PAGO003982,CRED0483,2025-09-26,4395.47
PAGO003983,CRED0483,2025-10-28,3080.85
PAGO003984,CRED0483,2025-11-25,3754.03
PAGO003985,CRED0483,2026-01-02,3063.7
PAGO003986,CRED0483,2026-01-29,3503.93
PAGO003987,CRED0483,2026-03-05,4119.73
PAGO003988,CRED0483,2026-04-03,4254.35
PAGO003989,CRED0483,2026-05-05,3371.69
PAGO003990,CRED0483,2026-06-02,3822.51
PAGO003991,CRED0484,2025-09-05,16809.31
PAGO003992,CRED0484,2025-10-03,17374.11
PAGO003993,CRED0484,2025-11-06,20672.85
PAGO003994,CRED0484,2025-12-16,16733.75
PAGO003995,CRED0484,2026-01-21,21564.25
PAGO003996,CRED0484,2026-02-24,26626.9
PAGO003997,CRED0485,2026-01-20,958.04
PAGO003998,CRED0485,2026-02-24,1378.39
PAGO003999,CRED0485,2026-04-02,1020.13
PAGO004000,CRED0485,2026-05-09,1158.68
PAGO004001,CRED0485,2026-06-07,1056.8
PAGO004002,CRED0485,2026-07-06,1243.22
PAGO004003,CRED0485,2026-08-04,1112.81
PAGO004004,CRED0485,2026-09-06,960.34
PAGO004005,CRED0485,2026-10-12,1266.58
PAGO004006,CRED0485,2026-11-13,1252.88
PAGO004007,CRED0485,2026-12-21,1266.24
PAGO004008,CRED0485,2027-01-20,1359.99
PAGO004009,CRED0486,2023-07-11,21586.77
PAGO004010,CRED0486,2023-08-13,25472.26
PAGO004011,CRED0486,2023-09-14,19886.89
PAGO004012,CRED0486,2023-10-11,25427.73
PAGO004013,CRED0486,2023-11-18,23901.82
PAGO004014,CRED0486,2023-12-15,22729.39
PAGO004015,CRED0486,2024-01-11,23551.35
PAGO004016,CRED0486,2024-02-07,9984.09
PAGO004017,CRED0487,2024-02-25,808.88
PAGO004018,CRED0487,2024-04-05,828.03
PAGO004019,CRED0487,2024-04-30,873.38
PAGO004020,CRED0487,2024-06-07,789.31
PAGO004021,CRED0487,2024-07-06,731.12
PAGO004022,CRED0487,2024-08-03,709.24
PAGO004023,CRED0487,2024-09-03,858.26
PAGO004024,CRED0487,2024-09-28,800.26
PAGO004025,CRED0487,2024-11-03,661.7
PAGO004026,CRED0487,2024-11-29,768.77
PAGO004027,CRED0487,2024-12-29,788.57
PAGO004028,CRED0487,2025-01-30,641.24
PAGO004029,CRED0487,2025-03-07,837.19
PAGO004030,CRED0487,2025-04-12,870.53
PAGO004031,CRED0487,2025-05-20,735.79
PAGO004032,CRED0487,2025-06-19,699.75
PAGO004033,CRED0487,2025-07-17,689.34
PAGO004034,CRED0487,2025-08-18,834.92
PAGO004035,CRED0487,2025-09-15,675.22
PAGO004036,CRED0487,2025-10-25,676.24
PAGO004037,CRED0487,2025-11-25,590.35
PAGO004038,CRED0487,2026-01-01,653.81
PAGO004039,CRED0487,2026-02-04,863.64
PAGO004040,CRED0487,2026-03-02,305.23
PAGO004041,CRED0488,2023-04-21,20774.67
PAGO004042,CRED0488,2023-05-16,26409.17
PAGO004043,CRED0488,2023-06-20,23206.59
PAGO004044,CRED0488,2023-07-18,20246.17
PAGO004045,CRED0488,2023-08-17,35576.68
PAGO004046,CRED0489,2024-04-19,347.47
PAGO004047,CRED0490,2023-03-03,3586.85
PAGO004048,CRED0491,2025-10-07,12332.84
PAGO004049,CRED0491,2025-11-05,13731.2
PAGO004050,CRED0491,2025-12-08,11037.21
PAGO004051,CRED0491,2026-01-14,11772.07
PAGO004052,CRED0491,2026-02-19,12039.97
PAGO004053,CRED0491,2026-03-21,12575.87
PAGO004054,CRED0491,2026-04-23,10455.13
PAGO004055,CRED0491,2026-06-01,13170.11
PAGO004056,CRED0491,2026-07-10,10718.6
PAGO004057,CRED0491,2026-08-15,13620.36
PAGO004058,CRED0491,2026-09-09,11697.34
PAGO004059,CRED0491,2026-10-10,10464.9
PAGO004060,CRED0491,2026-11-13,10115.8
PAGO004061,CRED0491,2026-12-20,12003.84
PAGO004062,CRED0491,2027-01-24,14383.44
PAGO004063,CRED0491,2027-02-23,13219.32
PAGO004064,CRED0491,2027-04-04,14674.49
PAGO004065,CRED0491,2027-05-07,10505.19
PAGO004066,CRED0491,2027-06-16,16992.19
PAGO004067,CRED0492,2025-04-22,25045.34
PAGO004068,CRED0492,2025-05-29,22666.78
PAGO004069,CRED0492,2025-07-05,19310.6
PAGO004070,CRED0492,2025-08-02,25301.92
PAGO004071,CRED0492,2025-08-31,20925.08
PAGO004072,CRED0493,2025-03-20,9682.15
PAGO004073,CRED0493,2025-04-21,7179.4
PAGO004074,CRED0493,2025-05-26,8500.58
PAGO004075,CRED0493,2025-06-20,8516.9
PAGO004076,CRED0493,2025-07-24,7984.73
PAGO004077,CRED0493,2025-08-20,9659.46
PAGO004078,CRED0493,2025-09-21,9158.15
PAGO004079,CRED0493,2025-10-21,9291.89
PAGO004080,CRED0494,2025-02-05,15594.5
PAGO004081,CRED0494,2025-03-09,14517.35
PAGO004082,CRED0494,2025-04-16,11969.68
PAGO004083,CRED0494,2025-05-14,14706.9
PAGO004084,CRED0494,2025-06-13,11916.63
PAGO004085,CRED0494,2025-07-12,12138.31
PAGO004086,CRED0494,2025-08-10,14438.73
PAGO004087,CRED0495,2024-11-16,31249.01
PAGO004088,CRED0495,2024-12-15,34586.42
PAGO004089,CRED0495,2025-01-15,41075.42
PAGO004090,CRED0496,2024-04-28,32891.62
PAGO004091,CRED0496,2024-05-30,28942.03
PAGO004092,CRED0496,2024-07-07,35865.35
PAGO004093,CRED0497,2025-06-04,16115.78
PAGO004094,CRED0497,2025-07-08,12861.88
PAGO004095,CRED0497,2025-08-13,16738.74
PAGO004096,CRED0498,2024-06-17,29008.78
PAGO004097,CRED0499,2024-07-11,55078.57
PAGO004098,CRED0500,2025-10-31,25187.57
